Found 1091 potential near-duplicates:

skills\dotnet\architecture\solutions\🗑️deprecated\solution-middleware-registration.skill\Implementation\App.Host.csproj.extend\MiddlewareRegistration.cs.create.md [# Rule changes / MUST]
  A: - `MiddlewareRegistration` defined as a static class in `App.Host/DependencyInjection/Midd
  B: - `MiddlewareRegistration.cs` defined in `App.Host/DependencyInjection/MiddlewareRegistrat

skills\dotnet\architecture\solutions\🗑️deprecated\solution-middleware-registration.skill\Implementation\App.Host.csproj.extend\MiddlewareRegistration.cs.create.md [# Rule changes / MUST NOT]
  A: - Register middleware inside module registration methods
  B: - Register custom middleware inside module registration methods

skills\dotnet\architecture\solutions\🗑️deprecated\solution-middleware-registration.skill\Implementation\App.Host.csproj.extend\MiddlewareRegistration.cs.create.md [# Rule changes / MUST NOT]
  A: - Change middleware order in multiple files
  B: - Middleware order scattered across multiple files

skills\dotnet\architecture\solutions\🗑️deprecated\solution-middleware-registration.skill\Implementation\App.Host.csproj.extend\MiddlewareRegistration.cs.create.md [# Rule changes / MUST NOT]
  A: - [ ] WHEN applied THEN `UseMiddlewarePipeline()` extends `IApplicationBuilder`
  B: - [ ] WHEN applied THEN `UseMiddlewarePipeline()` returns the same `IApplicationBuilder` i

skills\dotnet\architecture\solutions\🗑️deprecated\solution-middleware-registration.skill\Implementation\App.Host.csproj.extend.md [# Rules / MUST NOT]
  A: - Register custom middleware directly in `Program.cs`
  B: - Registering middleware directly in `Program.cs`

skills\dotnet\architecture\solutions\🗑️deprecated\solution-middleware-registration.skill\Implementation\App.Host.csproj.extend.md [# Rules / MUST NOT]
  A: - Register custom middleware directly in `Program.cs`
  B: - [ ] No direct custom middleware registration in `Program.cs`

skills\dotnet\architecture\solutions\🗑️deprecated\solution-middleware-registration.skill\Implementation\App.Host.csproj.extend.md [# Rules / MUST NOT]
  A: - Call `UseMiddlewarePipeline()` after `MapControllers()` / `MapEndpoints()`
  B: - [ ] Called after `UseRouting()` and before `MapControllers()` / `MapEndpoints()`

skills\dotnet\architecture\solutions\🗑️deprecated\solution-middleware-registration.skill\Implementation\App.Host.csproj.extend.md [# Rules / MUST NOT]
  A: - Registering middleware directly in `Program.cs`
  B: - [ ] No direct custom middleware registration in `Program.cs`

skills\dotnet\architecture\solutions\🗑️deprecated\solution-middleware-registration.skill\solution-middleware-registration.skill.md [# Rules / MUST NOT]
  A: - [[./Implementation/App.Host.csproj.extend.md#MUST NOT|App.Host.csproj.extend]]
  B: - [[./Implementation/App.Host.csproj.extend/MiddlewareRegistration.cs.create.md#MUST NOT|M

skills\dotnet\architecture\solutions\🧩validated\solution-command-integration.skill\Implementation\Shared.csproj.extend\ICommand.cs.create.md [# Rule changes / MUST]
  A: - All command records implement `ICommand<Result<T>>` — not `IRequest<T>` directly
  B: - All commands implement `ICommand<Result<T>>` — not `IRequest<T>` directly

skills\dotnet\architecture\solutions\🧩validated\solution-command-integration.skill\Implementation\Shared.csproj.extend\ICommand.cs.create.md [# Rule changes / MUST]
  A: - Defined in Shared — never in BuildingBlocks or any module project
  B: - `ICommand` and `ICommand<TResponse>` defined in Shared — not BuildingBlocks, not any mod

skills\dotnet\architecture\solutions\🧩validated\solution-command-integration.skill\Implementation\Shared.csproj.extend\ICommand.cs.create.md [# Rule changes / MUST NOT]
  A: - [ ] WHEN naming 'Command marker (no return)' THEN pattern matches convention
  B: - [ ] WHEN naming 'Command marker (with return)' THEN pattern matches convention

skills\dotnet\architecture\solutions\🧩validated\solution-command-integration.skill\Implementation\{Module}.Application.csproj.extend\{FeatureName}.Handler.cs.create.md [# Rule changes / MUST]
  A: - Follow load → guard → domain call → stage → return structure
  B: - Handler structure: load → guard → domain call → stage → return result

skills\dotnet\architecture\solutions\🧩validated\solution-command-integration.skill\Implementation\{Module}.Application.csproj.extend\{FeatureName}.Handler.cs.create.md [# Rule changes / MUST]
  A: - Dispatch cross-module writes via `_mediator.Send()` — never direct method calls
  B: - Cross-module writes dispatched via `_mediator.Send()` — never direct calls

skills\dotnet\architecture\solutions\🧩validated\solution-command-integration.skill\Implementation\{Module}.Application.csproj.extend\{FeatureName}.Handler.cs.create.md [# Rule changes / SHOULD]
  A: - Handler follow the exact load → guard → domain call → stage → return sequence
  B: - [ ] WHEN applied THEN Follows fixed structure: load → guard → domain call → stage → retu

skills\dotnet\architecture\solutions\🧩validated\solution-command-integration.skill\Implementation\{Module}.Application.csproj.extend\{FeatureName}.Handler.cs.create.md [# Rule changes / MUST NOT]
  A: - Contain business logic or domain rules — delegate to entity or domain service
  B: - Handler contain business logic — delegate to domain

skills\dotnet\architecture\solutions\🧩validated\solution-command-integration.skill\Implementation\{Module}.Application.csproj.extend\{FeatureName}.Handler.cs.create.md [# Rule changes / MUST NOT]
  A: - Call `SaveChangesAsync`
  B: - Handler call `SaveChangesAsync` — Unit of Work owns commit

skills\dotnet\architecture\solutions\🧩validated\solution-command-integration.skill\Implementation\{Module}.Application.csproj.extend\{FeatureName}.Handler.cs.create.md [# Rule changes / MUST NOT]
  A: - Reference another module's Domain or Application projects directly
  B: - Handler reference another module's Domain or Application directly

skills\dotnet\architecture\solutions\🧩validated\solution-command-integration.skill\Implementation\{Module}.Application.csproj.extend\{Module}ApplicationRegistration.cs.create.md [# Rule changes / MUST]
  A: - Method named `Register{ModuleName}Module`
  B: - Each module has `Register{ModuleName}Module()` extension method

skills\dotnet\architecture\solutions\🧩validated\solution-command-integration.skill\Implementation\{Module}.Application.csproj.extend\{Module}ApplicationRegistration.cs.create.md [# Rule changes / MUST NOT]
  A: - [ ] WHEN applied THEN AddMediatR scans the Application assembly — all IRequestHandler im
  B: - [ ] WHEN applied THEN AddValidatorsFromAssembly scans the Application assembly — all Abs

skills\dotnet\architecture\solutions\🧩validated\solution-command-integration.skill\Implementation\{Module}.Application.csproj.extend.md [# Rules / MUST]
  A: - Handler file named `{FeatureName}.Handler.cs`
  B: - Validator file named `{FeatureName}.Validator.cs`

skills\dotnet\architecture\solutions\🧩validated\solution-command-integration.skill\Implementation\{Module}.Application.csproj.extend.md [# Rules / MUST NOT]
  A: - [ ] Handler file named `{FeatureName}.Handler.cs`
  B: - [ ] Validator file named `{FeatureName}.Validator.cs`

skills\dotnet\architecture\solutions\🧩validated\solution-command-integration.skill\Implementation\{Module}.Interfaces.csproj.extend\{Command}.cs.create.md [# Rule changes / MUST]
  A: - Declared as `record`
  B: - Commands declared as `record` in `/{Module}.Interfaces/Commands`

skills\dotnet\architecture\solutions\🧩validated\solution-command-integration.skill\Implementation\{Module}.Interfaces.csproj.extend\{Command}.cs.create.md [# Rule changes / MUST]
  A: - Result type declared in the same file as the command
  B: - Result records declared in the same file as their command

skills\dotnet\architecture\solutions\🧩validated\solution-command-integration.skill\Implementation\{Module}.Interfaces.csproj.extend\{Command}.cs.create.md [# Rule changes / MUST]
  A: - When a command property is a `Soft{ValueObject}` from another module, inject `IValidator
  B: - When a command property is a DTO from another module, inject `IValidator<{Dto}>` and use

skills\dotnet\architecture\solutions\🧩validated\solution-command-integration.skill\Implementation\{Module}.Interfaces.csproj.extend\{Command}.cs.create.md [# Rule changes / MUST NOT]
  A: - Command reference domain entity types as properties
  B: - Command properties reference domain entity types

skills\dotnet\architecture\solutions\🧩validated\solution-command-integration.skill\Implementation\{Module}.Interfaces.csproj.extend\{Command}.cs.create.md [# Rule changes / MUST NOT]
  A: - [ ] WHEN naming 'Create entity' THEN pattern matches convention
  B: - [ ] WHEN naming 'Update entity' THEN pattern matches convention

skills\dotnet\architecture\solutions\🧩validated\solution-command-integration.skill\Implementation\{Module}.Interfaces.csproj.extend\{Command}.cs.create.md [# Rule changes / MUST NOT]
  A: - [ ] WHEN naming 'Create entity' THEN pattern matches convention
  B: - [ ] WHEN naming 'Delete entity' THEN pattern matches convention

skills\dotnet\architecture\solutions\🧩validated\solution-command-integration.skill\Implementation\{Module}.Interfaces.csproj.extend\{Command}.cs.create.md [# Rule changes / MUST NOT]
  A: - [ ] WHEN naming 'Create entity' THEN pattern matches convention
  B: - [ ] WHEN naming 'Domain action' THEN pattern matches convention

skills\dotnet\architecture\solutions\🧩validated\solution-command-integration.skill\Implementation\{Module}.Interfaces.csproj.extend\{Command}.cs.create.md [# Rule changes / MUST NOT]
  A: - [ ] WHEN naming 'Create entity' THEN pattern matches convention
  B: - [ ] WHEN naming 'Command result' THEN pattern matches convention

skills\dotnet\architecture\solutions\🧩validated\solution-command-integration.skill\Implementation\{Module}.Interfaces.csproj.extend\{Command}.cs.create.md [# Rule changes / MUST NOT]
  A: - [ ] WHEN naming 'Update entity' THEN pattern matches convention
  B: - [ ] WHEN naming 'Delete entity' THEN pattern matches convention

skills\dotnet\architecture\solutions\🧩validated\solution-command-integration.skill\Implementation\{Module}.Interfaces.csproj.extend\{Command}.cs.create.md [# Rule changes / MUST NOT]
  A: - [ ] WHEN naming 'Update entity' THEN pattern matches convention
  B: - [ ] WHEN naming 'Domain action' THEN pattern matches convention

skills\dotnet\architecture\solutions\🧩validated\solution-command-integration.skill\Implementation\{Module}.Interfaces.csproj.extend\{Command}.cs.create.md [# Rule changes / MUST NOT]
  A: - [ ] WHEN naming 'Update entity' THEN pattern matches convention
  B: - [ ] WHEN naming 'Command result' THEN pattern matches convention

skills\dotnet\architecture\solutions\🧩validated\solution-command-integration.skill\Implementation\{Module}.Interfaces.csproj.extend\{Command}.cs.create.md [# Rule changes / MUST NOT]
  A: - [ ] WHEN naming 'Delete entity' THEN pattern matches convention
  B: - [ ] WHEN naming 'Domain action' THEN pattern matches convention

skills\dotnet\architecture\solutions\🧩validated\solution-command-integration.skill\Implementation\{Module}.Interfaces.csproj.extend\{Command}.cs.create.md [# Rule changes / MUST NOT]
  A: - [ ] WHEN naming 'Delete entity' THEN pattern matches convention
  B: - [ ] WHEN naming 'Command result' THEN pattern matches convention

skills\dotnet\architecture\solutions\🧩validated\solution-command-integration.skill\Implementation\{Module}.Interfaces.csproj.extend\{Command}.cs.create.md [# Rule changes / MUST NOT]
  A: - [ ] WHEN naming 'Domain action' THEN pattern matches convention
  B: - [ ] WHEN naming 'Command result' THEN pattern matches convention

skills\dotnet\architecture\solutions\🧩validated\solution-command-integration.skill\solution-command-integration.skill.md [# Rules / MUST]
  A: - [[./Implementation/{Module}.Application.csproj.extend.md#MUST|{Module}.Application.cspro
  B: - [[./Implementation/{Module}.Application.csproj.extend/{FeatureName}.Handler.cs.create.md

skills\dotnet\architecture\solutions\🧩validated\solution-command-integration.skill\solution-command-integration.skill.md [# Rules / MUST]
  A: - [[./Implementation/{Module}.Application.csproj.extend.md#MUST|{Module}.Application.cspro
  B: - [[./Implementation/{Module}.Application.csproj.extend/{FeatureName}.Validator.cs.create.

skills\dotnet\architecture\solutions\🧩validated\solution-command-integration.skill\solution-command-integration.skill.md [# Rules / MUST]
  A: - [[./Implementation/{Module}.Application.csproj.extend.md#MUST|{Module}.Application.cspro
  B: - [[./Implementation/{Module}.Application.csproj.extend/{Module}ApplicationRegistration.cs

skills\dotnet\architecture\solutions\🧩validated\solution-command-integration.skill\solution-command-integration.skill.md [# Rules / MUST]
  A: - [[./Implementation/{Module}.Application.csproj.extend.md#MUST|{Module}.Application.cspro
  B: - [[./Implementation/{Module}.Interfaces.csproj.extend.md#MUST|{Module}.Interfaces.csproj.

skills\dotnet\architecture\solutions\🧩validated\solution-command-integration.skill\solution-command-integration.skill.md [# Rules / MUST]
  A: - [[./Implementation/{Module}.Application.csproj.extend/{FeatureName}.Handler.cs.create.md
  B: - [[./Implementation/{Module}.Application.csproj.extend/{FeatureName}.Validator.cs.create.

skills\dotnet\architecture\solutions\🧩validated\solution-command-integration.skill\solution-command-integration.skill.md [# Rules / MUST]
  A: - [[./Implementation/{Module}.Application.csproj.extend/{FeatureName}.Handler.cs.create.md
  B: - [[./Implementation/{Module}.Application.csproj.extend/{Module}ApplicationRegistration.cs

skills\dotnet\architecture\solutions\🧩validated\solution-command-integration.skill\solution-command-integration.skill.md [# Rules / MUST]
  A: - [[./Implementation/{Module}.Application.csproj.extend/{FeatureName}.Handler.cs.create.md
  B: - [[./Implementation/{Module}.Interfaces.csproj.extend/{Command}.cs.create.md#MUST|{Comman

skills\dotnet\architecture\solutions\🧩validated\solution-command-integration.skill\solution-command-integration.skill.md [# Rules / MUST]
  A: - [[./Implementation/{Module}.Application.csproj.extend/{FeatureName}.Validator.cs.create.
  B: - [[./Implementation/{Module}.Application.csproj.extend/{Module}ApplicationRegistration.cs

skills\dotnet\architecture\solutions\🧩validated\solution-command-integration.skill\solution-command-integration.skill.md [# Rules / MUST]
  A: - [[./Implementation/{Module}.Application.csproj.extend/{FeatureName}.Validator.cs.create.
  B: - [[./Implementation/{Module}.Interfaces.csproj.extend/{Command}.cs.create.md#MUST|{Comman

skills\dotnet\architecture\solutions\🧩validated\solution-command-integration.skill\solution-command-integration.skill.md [# Rules / MUST]
  A: - [[./Implementation/{Module}.Application.csproj.extend/{Module}ApplicationRegistration.cs
  B: - [[./Implementation/{Module}.Interfaces.csproj.extend/{Command}.cs.create.md#MUST|{Comman

skills\dotnet\architecture\solutions\🧩validated\solution-command-integration.skill\solution-command-integration.skill.md [# Rules / MUST]
  A: - [[./Implementation/{Module}.Interfaces.csproj.extend.md#MUST|{Module}.Interfaces.csproj.
  B: - [[./Implementation/{Module}.Interfaces.csproj.extend/{Command}.cs.create.md#MUST|{Comman

skills\dotnet\architecture\solutions\🧩validated\solution-command-integration.skill\solution-command-integration.skill.md [# Rules / MUST NOT]
  A: - [[./Implementation/{Module}.Application.csproj.extend.md#MUST NOT|{Module}.Application.c
  B: - [[./Implementation/{Module}.Application.csproj.extend/{FeatureName}.Handler.cs.create.md

skills\dotnet\architecture\solutions\🧩validated\solution-command-integration.skill\solution-command-integration.skill.md [# Rules / MUST NOT]
  A: - [[./Implementation/{Module}.Application.csproj.extend.md#MUST NOT|{Module}.Application.c
  B: - [[./Implementation/{Module}.Application.csproj.extend/{FeatureName}.Validator.cs.create.

skills\dotnet\architecture\solutions\🧩validated\solution-command-integration.skill\solution-command-integration.skill.md [# Rules / MUST NOT]
  A: - [[./Implementation/{Module}.Application.csproj.extend.md#MUST NOT|{Module}.Application.c
  B: - [[./Implementation/{Module}.Application.csproj.extend/{Module}ApplicationRegistration.cs

skills\dotnet\architecture\solutions\🧩validated\solution-command-integration.skill\solution-command-integration.skill.md [# Rules / MUST NOT]
  A: - [[./Implementation/{Module}.Application.csproj.extend.md#MUST NOT|{Module}.Application.c
  B: - [[./Implementation/{Module}.Interfaces.csproj.extend.md#MUST NOT|{Module}.Interfaces.csp

skills\dotnet\architecture\solutions\🧩validated\solution-command-integration.skill\solution-command-integration.skill.md [# Rules / MUST NOT]
  A: - [[./Implementation/{Module}.Application.csproj.extend.md#MUST NOT|{Module}.Application.c
  B: - [[./Implementation/{Module}.Interfaces.csproj.extend/{Command}.cs.create.md#MUST NOT|{Co

skills\dotnet\architecture\solutions\🧩validated\solution-command-integration.skill\solution-command-integration.skill.md [# Rules / MUST NOT]
  A: - [[./Implementation/{Module}.Application.csproj.extend/{FeatureName}.Handler.cs.create.md
  B: - [[./Implementation/{Module}.Application.csproj.extend/{FeatureName}.Validator.cs.create.

skills\dotnet\architecture\solutions\🧩validated\solution-command-integration.skill\solution-command-integration.skill.md [# Rules / MUST NOT]
  A: - [[./Implementation/{Module}.Application.csproj.extend/{FeatureName}.Handler.cs.create.md
  B: - [[./Implementation/{Module}.Application.csproj.extend/{Module}ApplicationRegistration.cs

skills\dotnet\architecture\solutions\🧩validated\solution-command-integration.skill\solution-command-integration.skill.md [# Rules / MUST NOT]
  A: - [[./Implementation/{Module}.Application.csproj.extend/{FeatureName}.Handler.cs.create.md
  B: - [[./Implementation/{Module}.Interfaces.csproj.extend/{Command}.cs.create.md#MUST NOT|{Co

skills\dotnet\architecture\solutions\🧩validated\solution-command-integration.skill\solution-command-integration.skill.md [# Rules / MUST NOT]
  A: - [[./Implementation/{Module}.Application.csproj.extend/{FeatureName}.Validator.cs.create.
  B: - [[./Implementation/{Module}.Application.csproj.extend/{Module}ApplicationRegistration.cs

skills\dotnet\architecture\solutions\🧩validated\solution-command-integration.skill\solution-command-integration.skill.md [# Rules / MUST NOT]
  A: - [[./Implementation/{Module}.Application.csproj.extend/{FeatureName}.Validator.cs.create.
  B: - [[./Implementation/{Module}.Interfaces.csproj.extend/{Command}.cs.create.md#MUST NOT|{Co

skills\dotnet\architecture\solutions\🧩validated\solution-command-integration.skill\solution-command-integration.skill.md [# Rules / MUST NOT]
  A: - [[./Implementation/{Module}.Application.csproj.extend/{Module}ApplicationRegistration.cs
  B: - [[./Implementation/{Module}.Interfaces.csproj.extend.md#MUST NOT|{Module}.Interfaces.csp

skills\dotnet\architecture\solutions\🧩validated\solution-command-integration.skill\solution-command-integration.skill.md [# Rules / MUST NOT]
  A: - [[./Implementation/{Module}.Application.csproj.extend/{Module}ApplicationRegistration.cs
  B: - [[./Implementation/{Module}.Interfaces.csproj.extend/{Command}.cs.create.md#MUST NOT|{Co

skills\dotnet\architecture\solutions\🧩validated\solution-command-integration.skill\solution-command-integration.skill.md [# Rules / MUST NOT]
  A: - [[./Implementation/{Module}.Interfaces.csproj.extend.md#MUST NOT|{Module}.Interfaces.csp
  B: - [[./Implementation/{Module}.Interfaces.csproj.extend/{Command}.cs.create.md#MUST NOT|{Co

skills\dotnet\architecture\solutions\🧩validated\solution-command-integration.skill\solution-command-integration.skill.md [# Rules / MUST NOT]
  A: - [ ] Handler file named `{FeatureName}.Handler.cs`
  B: - [ ] Validator file named `{FeatureName}.Validator.cs`

skills\dotnet\architecture\solutions\🧩validated\solution-command-integration.skill\solution-command-integration.skill.md [# Rules / MUST NOT]
  A: - [ ] Handlers registered via `AddMediatR` assembly scan
  B: - [ ] Validators registered via `AddValidatorsFromAssembly` assembly scan

skills\dotnet\architecture\solutions\🧩validated\solution-command-integration.skill\solution-command-integration.skill.md [# Rules / MUST NOT]
  A: - [ ] Command validator uses `IValidator<Soft{ValueObject}>` for cross-module Soft VO prop
  B: - [ ] Command validator uses `IValidator<{Dto}>` for cross-module DTO properties via `SetV

skills\dotnet\architecture\solutions\🧩validated\solution-domain-behaviour.skill\Implementation\{Module}.Domain.csproj.extend\{EntityName}.cs.extend.md [# Rule changes / MUST]
  A: - Call domain rules inside entity methods before mutating state
  B: - Every entity method that changes state validates through domain rules before mutating

skills\dotnet\architecture\solutions\🧩validated\solution-domain-behaviour.skill\Implementation\{Module}.Domain.csproj.extend\{EntityName}.cs.extend.md [# Rule changes / MUST]
  A: - Throw `DomainException` when a rule returns `false`
  B: - `DomainException` thrown when a rule returns `false`

skills\dotnet\architecture\solutions\🧩validated\solution-domain-behaviour.skill\Implementation\{Module}.Domain.csproj.extend\{EntityName}.cs.extend.md [# Rule changes / MUST]
  A: - Every entity property mutation validates state through domain rules before assigning
  B: - Every entity method that changes state validates through domain rules before mutating

skills\dotnet\architecture\solutions\🧩validated\solution-domain-behaviour.skill\Implementation\{Module}.Domain.csproj.extend\{EntityName}.cs.extend.md [# Rule changes / MUST NOT]
  A: - Reimplement rule logic inline inside entity methods
  B: - Reimplement rule logic inline inside entity methods or service extensions

skills\dotnet\architecture\solutions\🧩validated\solution-domain-behaviour.skill\Implementation\{Module}.Domain.csproj.extend.md [# Rules / MUST NOT]
  A: - Duplicate invariant logic across setters, entity methods, or service extensions
  B: - [ ] Service extensions mutate state only through entity methods or guarded setters

skills\dotnet\architecture\solutions\🧩validated\solution-domain-behaviour.skill\solution-domain-behaviour.skill.md [# Rules / MUST]
  A: - [[./Implementation/{Module}.Domain.csproj.extend.md#MUST|{Module}.Domain.csproj.extend]]
  B: - [[./Implementation/{Module}.Domain.csproj.extend/{Behavior}Service.cs.create.md#MUST|{Be

skills\dotnet\architecture\solutions\🧩validated\solution-domain-behaviour.skill\solution-domain-behaviour.skill.md [# Rules / MUST]
  A: - [[./Implementation/{Module}.Domain.csproj.extend.md#MUST|{Module}.Domain.csproj.extend]]
  B: - [[./Implementation/{Module}.Domain.csproj.extend/{EntityName}.cs.extend.md#MUST|{EntityN

skills\dotnet\architecture\solutions\🧩validated\solution-domain-behaviour.skill\solution-domain-behaviour.skill.md [# Rules / MUST]
  A: - [[./Implementation/{Module}.Domain.csproj.extend/{Behavior}Service.cs.create.md#MUST|{Be
  B: - [[./Implementation/{Module}.Domain.csproj.extend/{EntityName}.cs.extend.md#MUST|{EntityN

skills\dotnet\architecture\solutions\🧩validated\solution-domain-behaviour.skill\solution-domain-behaviour.skill.md [# Rules / MUST NOT]
  A: - [[./Implementation/{Module}.Domain.csproj.extend.md#MUST NOT|{Module}.Domain.csproj.exte
  B: - [[./Implementation/{Module}.Domain.csproj.extend/{Behavior}Service.cs.create.md#MUST NOT

skills\dotnet\architecture\solutions\🧩validated\solution-domain-behaviour.skill\solution-domain-behaviour.skill.md [# Rules / MUST NOT]
  A: - [[./Implementation/{Module}.Domain.csproj.extend.md#MUST NOT|{Module}.Domain.csproj.exte
  B: - [[./Implementation/{Module}.Domain.csproj.extend/{EntityName}.cs.extend.md#MUST NOT|{Ent

skills\dotnet\architecture\solutions\🧩validated\solution-domain-behaviour.skill\solution-domain-behaviour.skill.md [# Rules / MUST NOT]
  A: - [[./Implementation/{Module}.Domain.csproj.extend/{Behavior}Service.cs.create.md#MUST NOT
  B: - [[./Implementation/{Module}.Domain.csproj.extend/{EntityName}.cs.extend.md#MUST NOT|{Ent

skills\dotnet\architecture\solutions\🧩validated\solution-domain-configuration.skill\Implementation\{Module}.Domain.csproj.extend\{Entity}.cs.extend.md [# Rule changes / MUST]
  A: - `[Column("task_title")]` on entity property — column mapping belongs in config class
  B: - `[Table("TodoTasks")]` on entity class — table naming belongs in config class

skills\dotnet\architecture\solutions\🧩validated\solution-domain-configuration.skill\Implementation\{Module}.Domain.csproj.extend\{Entity}.cs.extend.md [# Rule changes / MUST]
  A: - `[Column("task_title")]` on entity property — column mapping belongs in config class
  B: - `[Index]` on entity class — index configuration belongs in config class

skills\dotnet\architecture\solutions\🧩validated\solution-domain-configuration.skill\Implementation\{Module}.Domain.csproj.extend\{Entity}.cs.extend.md [# Rule changes / MUST]
  A: - `[Column("task_title")]` on entity property — column mapping belongs in config class
  B: - `[ForeignKey]` on entity property — relation configuration belongs in config class

skills\dotnet\architecture\solutions\🧩validated\solution-domain-configuration.skill\Implementation\{Module}.Domain.csproj.extend\{Entity}.cs.extend.md [# Rule changes / MUST]
  A: - `[Table("TodoTasks")]` on entity class — table naming belongs in config class
  B: - `[Index]` on entity class — index configuration belongs in config class

skills\dotnet\architecture\solutions\🧩validated\solution-domain-configuration.skill\Implementation\{Module}.Domain.csproj.extend\{Entity}.cs.extend.md [# Rule changes / MUST]
  A: - `[Table("TodoTasks")]` on entity class — table naming belongs in config class
  B: - `[ForeignKey]` on entity property — relation configuration belongs in config class

skills\dotnet\architecture\solutions\🧩validated\solution-domain-configuration.skill\Implementation\{Module}.Domain.csproj.extend\{Entity}.cs.extend.md [# Rule changes / MUST]
  A: - `[Index]` on entity class — index configuration belongs in config class
  B: - `[ForeignKey]` on entity property — relation configuration belongs in config class

skills\dotnet\architecture\solutions\🧩validated\solution-domain-configuration.skill\Implementation\{Module}.Domain.csproj.extend\{Entity}.cs.extend.md [# Rule changes / MUST]
  A: - [ ] No EF attributes present on entity class or any of its properties
  B: - [ ] WHEN verified THEN No EF attributes present on entity class or any of its properties

skills\dotnet\architecture\solutions\🧩validated\solution-domain-configuration.skill\Implementation\{Module}.Domain.csproj.extend\{Entity}Config.cs.create.md [# Rule changes / MUST]
  A: - All index and constraint names defined as `public const string` constants on the config 
  B: - All index and constraint names defined as `public const string` constants

skills\dotnet\architecture\solutions\🧩validated\solution-domain-configuration.skill\Implementation\{Module}.Domain.csproj.extend\{Entity}Config.cs.create.md [# Rule changes / MUST NOT]
  A: - Define table names, column names, or constraint names as inline strings
  B: - Define table, index, or constraint names as inline strings

skills\dotnet\architecture\solutions\🧩validated\solution-domain-configuration.skill\Implementation\{Module}.Domain.csproj.extend\{Entity}Config.cs.create.md [# Rule changes / MUST NOT]
  A: - [ ] `TableName` defined as `public const string`
  B: - [ ] All index and constraint names defined as `public const string`

skills\dotnet\architecture\solutions\🧩validated\solution-domain-configuration.skill\Implementation\{Module}.Domain.csproj.extend.md [# Rules / MUST NOT]
  A: - Sharing one config class across multiple entity types
  B: - [ ] One config class per entity

skills\dotnet\architecture\solutions\🧩validated\solution-domain-configuration.skill\solution-domain-configuration.skill.md [# Rules / MUST]
  A: - [[./Implementation/App.Infrastructure.csproj.extend/{Module1}To{Module2}Config.cs.create
  B: - [[./Implementation/{Module}.Domain.csproj.extend/{Entity}Config.cs.create.md#MUST|{Entit

skills\dotnet\architecture\solutions\🧩validated\solution-domain-configuration.skill\solution-domain-configuration.skill.md [# Rules / MUST]
  A: - [[./Implementation/{Module}.Domain.csproj.extend.md#MUST|{Module}.Domain.csproj.extend]]
  B: - [[./Implementation/{Module}.Domain.csproj.extend/{Entity}Config.cs.create.md#MUST|{Entit

skills\dotnet\architecture\solutions\🧩validated\solution-domain-configuration.skill\solution-domain-configuration.skill.md [# Rules / MUST NOT]
  A: - [[./Implementation/App.Infrastructure.csproj.extend/{Module1}To{Module2}Config.cs.create
  B: - [[./Implementation/{Module}.Domain.csproj.extend/{Entity}Config.cs.create.md#MUST NOT|{E

skills\dotnet\architecture\solutions\🧩validated\solution-domain-configuration.skill\solution-domain-configuration.skill.md [# Rules / MUST NOT]
  A: - [[./Implementation/{Module}.Domain.csproj.extend.md#MUST NOT|{Module}.Domain.csproj.exte
  B: - [[./Implementation/{Module}.Domain.csproj.extend/{Entity}.cs.extend.md#MUST NOT|{Entity}

skills\dotnet\architecture\solutions\🧩validated\solution-domain-configuration.skill\solution-domain-configuration.skill.md [# Rules / MUST NOT]
  A: - [[./Implementation/{Module}.Domain.csproj.extend.md#MUST NOT|{Module}.Domain.csproj.exte
  B: - [[./Implementation/{Module}.Domain.csproj.extend/{Entity}Config.cs.create.md#MUST NOT|{E

skills\dotnet\architecture\solutions\🧩validated\solution-domain-configuration.skill\solution-domain-configuration.skill.md [# Rules / MUST NOT]
  A: - [[./Implementation/{Module}.Domain.csproj.extend/{Entity}.cs.extend.md#MUST NOT|{Entity}
  B: - [[./Implementation/{Module}.Domain.csproj.extend/{Entity}Config.cs.create.md#MUST NOT|{E

skills\dotnet\architecture\solutions\🧩validated\solution-domain-configuration.skill\solution-domain-configuration.skill.md [# Rules / MUST NOT]
  A: - Cross-module FK configured in Domain config — belongs in App.Infrastructure
  B: - [ ] Cross-module FK configs live in App.Infrastructure/Persistence/Configurations

skills\dotnet\architecture\solutions\🧩validated\solution-domain-configuration.skill\solution-domain-configuration.skill.md [# Rules / MUST NOT]
  A: - [ ] `TableName` defined as `public const string`
  B: - [ ] All index names defined as `public const string` constants

skills\dotnet\architecture\solutions\🧩validated\solution-entity-classification.skill\solution-entity-classification.skill.md [# Rules / MUST]
  A: - Do not have a `Version` property or implement `IVersioned`.
  B: - Do not have a `Guid` property or implement `IHasGuid`.

skills\dotnet\architecture\solutions\🧩validated\solution-entity-classification.skill\solution-entity-classification.skill.md [# Rules / MUST]
  A: - Do not have a `Version` property or implement `IVersioned`.
  B: - Do not have a `Version` property or implement `IVersioned`.

skills\dotnet\architecture\solutions\🧩validated\solution-entity-classification.skill\solution-entity-classification.skill.md [# Rules / MUST]
  A: - Do not have a `Version` property or implement `IVersioned`.
  B: - Implement `IVersioned`.

skills\dotnet\architecture\solutions\🧩validated\solution-entity-classification.skill\solution-entity-classification.skill.md [# Rules / MUST]
  A: - Do not have a `Version` property or implement `IVersioned`.
  B: - Do not have a `Guid` property or implement `IHasGuid`.

skills\dotnet\architecture\solutions\🧩validated\solution-entity-classification.skill\solution-entity-classification.skill.md [# Rules / MUST]
  A: - Do not have a `Guid` property or implement `IHasGuid`.
  B: - Do not have a `Version` property or implement `IVersioned`.

skills\dotnet\architecture\solutions\🧩validated\solution-entity-classification.skill\solution-entity-classification.skill.md [# Rules / MUST]
  A: - Do not have a `Guid` property or implement `IHasGuid`.
  B: - Do not have a `Guid` property or implement `IHasGuid`.

skills\dotnet\architecture\solutions\🧩validated\solution-entity-classification.skill\solution-entity-classification.skill.md [# Rules / MUST]
  A: - Do not apply `solution-entity-concurrency-change.skill` or `solution-external-created-en
  B: - Do not apply `solution-entity-concurrency-change.skill`.

skills\dotnet\architecture\solutions\🧩validated\solution-entity-classification.skill\solution-entity-classification.skill.md [# Rules / MUST]
  A: - Do not apply `solution-entity-concurrency-change.skill` or `solution-external-created-en
  B: - Do not apply `solution-external-created-entity.skill`.

skills\dotnet\architecture\solutions\🧩validated\solution-entity-classification.skill\solution-entity-classification.skill.md [# Rules / MUST]
  A: - Do not apply `solution-entity-concurrency-change.skill` or `solution-external-created-en
  B: - Apply both `solution-entity-concurrency-change.skill` and `solution-external-created-ent

skills\dotnet\architecture\solutions\🧩validated\solution-entity-classification.skill\solution-entity-classification.skill.md [# Rules / MUST]
  A: - Have `public Guid Guid { get; internal set; }` set once in the factory method.
  B: - Have both `public Guid Guid { get; internal set; }` and `public uint Version { get; inte

skills\dotnet\architecture\solutions\🧩validated\solution-entity-classification.skill\solution-entity-classification.skill.md [# Rules / MUST]
  A: - Implement `solution-external-created-entity.skill` fully.
  B: - Implement `solution-entity-concurrency-change.skill` fully.

skills\dotnet\architecture\solutions\🧩validated\solution-entity-classification.skill\solution-entity-classification.skill.md [# Rules / MUST]
  A: - Implement `solution-external-created-entity.skill` fully.
  B: - Do not apply `solution-external-created-entity.skill`.

skills\dotnet\architecture\solutions\🧩validated\solution-entity-classification.skill\solution-entity-classification.skill.md [# Rules / MUST]
  A: - Implement `solution-external-created-entity.skill` fully.
  B: - Apply both `solution-entity-concurrency-change.skill` and `solution-external-created-ent

skills\dotnet\architecture\solutions\🧩validated\solution-entity-classification.skill\solution-entity-classification.skill.md [# Rules / MUST]
  A: - Do not have a `Version` property or implement `IVersioned`.
  B: - Implement `IVersioned`.

skills\dotnet\architecture\solutions\🧩validated\solution-entity-classification.skill\solution-entity-classification.skill.md [# Rules / MUST]
  A: - Do not have a `Version` property or implement `IVersioned`.
  B: - Do not have a `Guid` property or implement `IHasGuid`.

skills\dotnet\architecture\solutions\🧩validated\solution-entity-classification.skill\solution-entity-classification.skill.md [# Rules / MUST]
  A: - Do not apply `solution-entity-concurrency-change.skill`.
  B: - Implement `solution-entity-concurrency-change.skill` fully.

skills\dotnet\architecture\solutions\🧩validated\solution-entity-classification.skill\solution-entity-classification.skill.md [# Rules / MUST]
  A: - Do not apply `solution-entity-concurrency-change.skill`.
  B: - Do not apply `solution-external-created-entity.skill`.

skills\dotnet\architecture\solutions\🧩validated\solution-entity-classification.skill\solution-entity-classification.skill.md [# Rules / MUST]
  A: - Do not apply `solution-entity-concurrency-change.skill`.
  B: - Apply both `solution-entity-concurrency-change.skill` and `solution-external-created-ent

skills\dotnet\architecture\solutions\🧩validated\solution-entity-classification.skill\solution-entity-classification.skill.md [# Rules / MUST]
  A: - Have `public uint Version { get; internal set; }` mapped to PostgreSQL `xmin`.
  B: - Have both `public Guid Guid { get; internal set; }` and `public uint Version { get; inte

skills\dotnet\architecture\solutions\🧩validated\solution-entity-classification.skill\solution-entity-classification.skill.md [# Rules / MUST]
  A: - Implement `solution-entity-concurrency-change.skill` fully.
  B: - Apply both `solution-entity-concurrency-change.skill` and `solution-external-created-ent

skills\dotnet\architecture\solutions\🧩validated\solution-entity-classification.skill\solution-entity-classification.skill.md [# Rules / MUST]
  A: - Do not apply `solution-external-created-entity.skill`.
  B: - Apply both `solution-entity-concurrency-change.skill` and `solution-external-created-ent

skills\dotnet\architecture\solutions\🧩validated\solution-entity-classification.skill\solution-entity-classification.skill.md [# Rules / MUST NOT]
  A: - Apply `solution-entity-concurrency-change.skill` to immutable entities.
  B: - Apply `solution-external-created-entity.skill` to internal entities.

skills\dotnet\architecture\solutions\🧩validated\solution-entity-classification.skill\solution-entity-classification.skill.md [# Rules / MUST NOT]
  A: - [ ] External Immutable entities have `Guid` and unique index, and implement `solution-ex
  B: - [ ] Internal Mutable entities have `Version`, `IVersioned`, and implement `solution-enti

skills\dotnet\architecture\solutions\🧩validated\solution-entity-classification.skill\solution-entity-classification.skill.md [# Rules / MUST NOT]
  A: - [ ] Create commands for external entities implement `IHasGuid`.
  B: - [ ] Update/patch commands for mutable entities implement `IHasVersions`.

skills\dotnet\architecture\solutions\🧩validated\solution-entity-concurrency-change.skill\Implementation\App.Host.csproj.extend\EntityVersionResolverRegistration.cs.create.md [# Rule changes / MUST NOT]
  A: - `IEntityVersionResolverFactory` registered as `Singleton` — would create captive depende
  B: - `IEntityVersionResolverFactory` registered as `Singleton` — resolver instances depend on

skills\dotnet\architecture\solutions\🧩validated\solution-entity-concurrency-change.skill\Implementation\App.Host.csproj.extend\EntityVersionResolverRegistration.cs.create.md [# Rule changes / MUST NOT]
  A: - [ ] `EntityVersionResolverRegistration` defined in `App.Host/DependencyInjection/EntityV
  B: - [ ] WHEN verified THEN EntityVersionResolverRegistration defined in App.Host/DependencyI

skills\dotnet\architecture\solutions\🧩validated\solution-entity-concurrency-change.skill\Implementation\App.Host.csproj.extend\EntityVersionResolverRegistration.cs.create.md [# Rule changes / MUST NOT]
  A: - [ ] `IEntityVersionResolverFactory` registered as `Scoped`
  B: - [ ] WHEN applied THEN IEntityVersionResolverFactory registered as Scoped

skills\dotnet\architecture\solutions\🧩validated\solution-entity-concurrency-change.skill\Implementation\App.Host.csproj.extend\EntityVersionResolverRegistration.cs.create.md [# Rule changes / MUST NOT]
  A: - [ ] `IEntityVersionResolverFactory` registered as `Scoped`
  B: - [ ] WHEN verified THEN IEntityVersionResolverFactory registered as Scoped

skills\dotnet\architecture\solutions\🧩validated\solution-entity-concurrency-change.skill\Implementation\App.Host.csproj.extend\EntityVersionResolverRegistration.cs.create.md [# Rule changes / MUST NOT]
  A: - [ ] `EntityVersionResolverFactory` receives Domain and Application assemblies
  B: - [ ] WHEN verified THEN EntityVersionResolverFactory receives Domain and Application asse

skills\dotnet\architecture\solutions\🧩validated\solution-entity-concurrency-change.skill\Implementation\App.Host.csproj.extend\EntityVersionResolverRegistration.cs.create.md [# Rule changes / MUST NOT]
  A: - [ ] WHEN applied THEN Feed the factory module Domain assemblies and module Application a
  B: - [ ] WHEN verified THEN EntityVersionResolverFactory receives Domain and Application asse

skills\dotnet\architecture\solutions\🧩validated\solution-entity-concurrency-change.skill\Implementation\App.Host.csproj.extend\EntityVersionResolverRegistration.cs.create.md [# Rule changes / MUST NOT]
  A: - [ ] WHEN applied THEN IEntityVersionResolverFactory registered as Scoped
  B: - [ ] WHEN applied THEN Register every module IEntityVersionResolver implementation as Sco

skills\dotnet\architecture\solutions\🧩validated\solution-entity-concurrency-change.skill\Implementation\App.Host.csproj.extend\EntityVersionResolverRegistration.cs.create.md [# Rule changes / MUST NOT]
  A: - [ ] WHEN applied THEN IEntityVersionResolverFactory registered as Scoped
  B: - [ ] WHEN verified THEN IEntityVersionResolverFactory registered as Scoped

skills\dotnet\architecture\solutions\🧩validated\solution-entity-concurrency-change.skill\Implementation\App.Host.csproj.extend.md [# Rules / MUST]
  A: - `EntityVersionResolverFactory` receives all module Domain assemblies that contain versio
  B: - `EntityVersionResolverFactory` receives all module Application assemblies that contain `

skills\dotnet\architecture\solutions\🧩validated\solution-entity-concurrency-change.skill\Implementation\App.Host.csproj.extend.md [# Rules / MUST]
  A: - `EntityVersionResolverFactory` receives all module Domain assemblies that contain versio
  B: - `EntityVersionResolverFactory` receives module Domain assemblies and module Application 

skills\dotnet\architecture\solutions\🧩validated\solution-entity-concurrency-change.skill\Implementation\App.Host.csproj.extend.md [# Rules / MUST]
  A: - `EntityVersionResolverFactory` receives all module Application assemblies that contain `
  B: - `EntityVersionResolverFactory` receives module Domain assemblies and module Application 

skills\dotnet\architecture\solutions\🧩validated\solution-entity-concurrency-change.skill\Implementation\App.Host.csproj.extend.md [# Rules / MUST NOT]
  A: - [ ] `EntityVersionResolverFactory` receives module Domain assemblies
  B: - [ ] `EntityVersionResolverFactory` receives module Application assemblies

skills\dotnet\architecture\solutions\🧩validated\solution-entity-concurrency-change.skill\Implementation\App.Infrastructure.csproj.extend\EntityVersionResolverFactory.cs.create.md [# Rule changes / MUST NOT]
  A: - [ ] `EntityVersionResolverFactory` defined in `App.Infrastructure/Concurrency/EntityVers
  B: - [ ] WHEN verified THEN EntityVersionResolverFactory defined in App.Infrastructure/Concur

skills\dotnet\architecture\solutions\🧩validated\solution-entity-concurrency-change.skill\Implementation\App.Infrastructure.csproj.extend\EntityVersionResolverFactory.cs.create.md [# Rule changes / MUST NOT]
  A: - [ ] Scans Domain assemblies for `IEntityTypeConfiguration<T>` configs where `T` implemen
  B: - [ ] WHEN verified THEN Scans Domain assemblies for IEntityTypeConfiguration<T> configs

skills\dotnet\architecture\solutions\🧩validated\solution-entity-concurrency-change.skill\Implementation\App.Infrastructure.csproj.extend\EntityVersionResolverFactory.cs.create.md [# Rule changes / MUST NOT]
  A: - [ ] Scans Application assemblies for `IEntityVersionResolver` implementations
  B: - [ ] WHEN verified THEN Scans Application assemblies for IEntityVersionResolver implement

skills\dotnet\architecture\solutions\🧩validated\solution-entity-concurrency-change.skill\Implementation\App.Infrastructure.csproj.extend\EntityVersionResolverFactory.cs.create.md [# Rule changes / MUST NOT]
  A: - [ ] WHEN verified THEN Scans Domain assemblies for IEntityTypeConfiguration<T> configs
  B: - [ ] WHEN verified THEN Scans Application assemblies for IEntityVersionResolver implement

skills\dotnet\architecture\solutions\🧩validated\solution-entity-concurrency-change.skill\Implementation\App.Infrastructure.csproj.extend.md [# Rules / MUST]
  A: - Every mutable entity config class declares `public const string VersionedEntityName`
  B: - Every `{Entity}VersionResolver` declares `public const string VersionedEntityName` match

skills\dotnet\architecture\solutions\🧩validated\solution-entity-concurrency-change.skill\Implementation\App.Infrastructure.csproj.extend.md [# Rules / MUST NOT]
  A: - [ ] `EntityVersionResolverFactory` defined in `App.Infrastructure/Concurrency/EntityVers
  B: - [ ] WHEN verified THEN EntityVersionResolverFactory defined in App.Infrastructure/Concur

skills\dotnet\architecture\solutions\🧩validated\solution-entity-concurrency-change.skill\Implementation\App.Infrastructure.csproj.extend.md [# Rules / MUST NOT]
  A: - [ ] Scans Domain assemblies for `IEntityTypeConfiguration<T>` configs where `T` implemen
  B: - [ ] WHEN verified THEN Scans Domain assemblies for IEntityTypeConfiguration<T> configs w

skills\dotnet\architecture\solutions\🧩validated\solution-entity-concurrency-change.skill\Implementation\App.Infrastructure.csproj.extend.md [# Rules / MUST NOT]
  A: - [ ] Scans Application assemblies for `IEntityVersionResolver` implementations
  B: - [ ] WHEN verified THEN Scans Application assemblies for IEntityVersionResolver implement

skills\dotnet\architecture\solutions\🧩validated\solution-entity-concurrency-change.skill\Implementation\App.Infrastructure.csproj.extend.md [# Rules / MUST NOT]
  A: - [ ] Every mutable entity config class declares `VersionedEntityName`
  B: - [ ] Every `{Entity}VersionResolver` declares matching `VersionedEntityName`

skills\dotnet\architecture\solutions\🧩validated\solution-entity-concurrency-change.skill\Implementation\BuildingBlocks.csproj.extend\ConcurrencyBehavior.cs.create.md [# Rule changes / MUST]
  A: - Returns `Result.Conflict` on version mismatch — handler never runs
  B: - `ConcurrencyBehavior` returns `Result.Conflict` on version mismatch — never throws

skills\dotnet\architecture\solutions\🧩validated\solution-entity-concurrency-change.skill\Implementation\BuildingBlocks.csproj.extend\ConcurrencyBehavior.cs.create.md [# Rule changes / MUST]
  A: - Returns `Result.NotFound` if resolver reports `0`
  B: - `ConcurrencyBehavior` returns `Result.NotFound` if resolver reports `0`

skills\dotnet\architecture\solutions\🧩validated\solution-entity-concurrency-change.skill\Implementation\BuildingBlocks.csproj.extend\ConcurrencyBehavior.cs.create.md [# Rule changes / MUST]
  A: - Returns `Result.Error` for unknown entity name
  B: - `ConcurrencyBehavior` returns `Result.Error` for unknown entity name

skills\dotnet\architecture\solutions\🧩validated\solution-entity-concurrency-change.skill\Implementation\BuildingBlocks.csproj.extend\ConcurrencyBehavior.cs.create.md [# Rule changes / MUST NOT]
  A: - [ ] `ConcurrencyBehavior` constrained to `where TRequest : IHasVersions`
  B: - [ ] WHEN verified THEN ConcurrencyBehavior constrained to where TRequest : IHasVersions

skills\dotnet\architecture\solutions\🧩validated\solution-entity-concurrency-change.skill\Implementation\BuildingBlocks.csproj.extend\ConcurrencyBehavior.cs.create.md [# Rule changes / MUST NOT]
  A: - [ ] Uses `IEntityVersionResolverFactory`
  B: - [ ] WHEN verified THEN Uses IEntityVersionResolverFactory

skills\dotnet\architecture\solutions\🧩validated\solution-entity-concurrency-change.skill\Implementation\BuildingBlocks.csproj.extend\ConcurrencyBehavior.cs.create.md [# Rule changes / MUST NOT]
  A: - [ ] Returns `Result.Conflict` on version mismatch
  B: - [ ] WHEN verified THEN Returns Result.Conflict on version mismatch

skills\dotnet\architecture\solutions\🧩validated\solution-entity-concurrency-change.skill\Implementation\BuildingBlocks.csproj.extend\ConcurrencyBehavior.cs.create.md [# Rule changes / MUST NOT]
  A: - [ ] Returns `Result.NotFound` if resolver reports `0`
  B: - [ ] WHEN verified THEN Returns Result.NotFound if resolver reports 0

skills\dotnet\architecture\solutions\🧩validated\solution-entity-concurrency-change.skill\Implementation\BuildingBlocks.csproj.extend\ConcurrencyBehavior.cs.create.md [# Rule changes / MUST NOT]
  A: - [ ] Returns `Result.Error` for unknown entity name
  B: - [ ] WHEN verified THEN Returns Result.Error for unknown entity name

skills\dotnet\architecture\solutions\🧩validated\solution-entity-concurrency-change.skill\Implementation\BuildingBlocks.csproj.extend\ConcurrencyBehavior.cs.create.md [# Rule changes / MUST NOT]
  A: - [ ] Never calls `SaveChangesAsync`
  B: - [ ] WHEN verified THEN Never calls SaveChangesAsync

skills\dotnet\architecture\solutions\🧩validated\solution-entity-concurrency-change.skill\Implementation\BuildingBlocks.csproj.extend\ConcurrencyBehavior.cs.create.md [# Rule changes / MUST NOT]
  A: - [ ] WHEN applied THEN Loads the current version through the resolver — returns Result.No
  B: - [ ] WHEN applied THEN Compares current version against expectedVersion from the command 

skills\dotnet\architecture\solutions\🧩validated\solution-entity-concurrency-change.skill\Implementation\BuildingBlocks.csproj.extend\ConcurrencyBehavior.cs.create.md [# Rule changes / MUST NOT]
  A: - [ ] WHEN applied THEN Loads the current version through the resolver — returns Result.No
  B: - [ ] WHEN verified THEN Returns Result.NotFound if resolver reports 0

skills\dotnet\architecture\solutions\🧩validated\solution-entity-concurrency-change.skill\Implementation\BuildingBlocks.csproj.extend\ConcurrencyBehavior.cs.create.md [# Rule changes / MUST NOT]
  A: - [ ] WHEN applied THEN Compares current version against expectedVersion from the command 
  B: - [ ] WHEN verified THEN Returns Result.Conflict on version mismatch

skills\dotnet\architecture\solutions\🧩validated\solution-entity-concurrency-change.skill\Implementation\BuildingBlocks.csproj.extend\ConcurrencyBehavior.cs.create.md [# Rule changes / MUST NOT]
  A: - [ ] WHEN verified THEN Returns Result.Conflict on version mismatch
  B: - [ ] WHEN verified THEN Returns Result.NotFound if resolver reports 0

skills\dotnet\architecture\solutions\🧩validated\solution-entity-concurrency-change.skill\Implementation\BuildingBlocks.csproj.extend\ConcurrencyBehavior.cs.create.md [# Rule changes / MUST NOT]
  A: - [ ] WHEN verified THEN Returns Result.Conflict on version mismatch
  B: - [ ] WHEN verified THEN Returns Result.Error for unknown entity name

skills\dotnet\architecture\solutions\🧩validated\solution-entity-concurrency-change.skill\Implementation\BuildingBlocks.csproj.extend\ConcurrencyBehavior.cs.create.md [# Rule changes / MUST NOT]
  A: - [ ] WHEN verified THEN Returns Result.NotFound if resolver reports 0
  B: - [ ] WHEN verified THEN Returns Result.Error for unknown entity name

skills\dotnet\architecture\solutions\🧩validated\solution-entity-concurrency-change.skill\Implementation\BuildingBlocks.csproj.extend\ETagEncoder.cs.create.md [# Rule changes / MUST]
  A: - `Decode` returns null on any exception — never throws
  B: - [ ] `Decode` returns null on any exception

skills\dotnet\architecture\solutions\🧩validated\solution-entity-concurrency-change.skill\Implementation\BuildingBlocks.csproj.extend\ETagEncoder.cs.create.md [# Rule changes / MUST]
  A: - `Decode` returns null on any exception — never throws
  B: - [ ] WHEN verified THEN Decode returns null on any exception

skills\dotnet\architecture\solutions\🧩validated\solution-entity-concurrency-change.skill\Implementation\BuildingBlocks.csproj.extend\ETagEncoder.cs.create.md [# Rule changes / MUST]
  A: - [ ] `ETagEncoder` defined in `BuildingBlocks/Concurrency/ETagEncoder.cs`
  B: - [ ] WHEN verified THEN ETagEncoder defined in BuildingBlocks/Concurrency/ETagEncoder.cs

skills\dotnet\architecture\solutions\🧩validated\solution-entity-concurrency-change.skill\Implementation\BuildingBlocks.csproj.extend\ETagEncoder.cs.create.md [# Rule changes / MUST]
  A: - [ ] `Decode` returns null on any exception
  B: - [ ] WHEN verified THEN Decode returns null on any exception

skills\dotnet\architecture\solutions\🧩validated\solution-entity-concurrency-change.skill\Implementation\BuildingBlocks.csproj.extend\ETagEncoder.cs.create.md [# Rule changes / MUST]
  A: - [ ] `Encode` produces valid base64 string
  B: - [ ] WHEN verified THEN Encode produces valid base64 string

skills\dotnet\architecture\solutions\🧩validated\solution-entity-concurrency-change.skill\Implementation\BuildingBlocks.csproj.extend\ETagEncoder.cs.create.md [# Rule changes / MUST]
  A: - [ ] WHEN applied THEN Encode: Dictionary<string, Dictionary<int, uint>> → base64 JSON st
  B: - [ ] WHEN applied THEN Decode: base64 JSON string → Dictionary<string, Dictionary<int, ui

skills\dotnet\architecture\solutions\🧩validated\solution-entity-concurrency-change.skill\Implementation\BuildingBlocks.csproj.extend.md [# Rules / MUST NOT]
  A: - Define `IHasVersions`, `IEntityVersionResolver`, `IEntityVersionResolverFactory`, or `IV
  B: - [ ] `IHasVersions`, `IEntityVersionResolver`, `IEntityVersionResolverFactory`, and `IVer

skills\dotnet\architecture\solutions\🧩validated\solution-entity-concurrency-change.skill\Implementation\BuildingBlocks.csproj.extend.md [# Rules / MUST NOT]
  A: - Add a generic `EntityByIdSpec<T>` to BuildingBlocks — per-entity specs belong in module 
  B: - Generic `ByIdSpec` live in BuildingBlocks — per-entity specs belong in `{Module}.Applica

skills\dotnet\architecture\solutions\🧩validated\solution-entity-concurrency-change.skill\Implementation\BuildingBlocks.csproj.extend.md [# Rules / MUST NOT]
  A: - Generic `ByIdSpec` live in BuildingBlocks — per-entity specs belong in `{Module}.Applica
  B: - Duplicating `ByIdSpec` logic in BuildingBlocks instead of reusing module Application spe

skills\dotnet\architecture\solutions\🧩validated\solution-entity-concurrency-change.skill\Implementation\BuildingBlocks.csproj.extend.md [# Rules / MUST NOT]
  A: - [ ] `ETagEncoder` defined in `BuildingBlocks/Concurrency/ETagEncoder.cs`
  B: - [ ] WHEN verified THEN ETagEncoder defined in BuildingBlocks/Concurrency/ETagEncoder.cs

skills\dotnet\architecture\solutions\🧩validated\solution-entity-concurrency-change.skill\Implementation\BuildingBlocks.csproj.extend.md [# Rules / MUST NOT]
  A: - [ ] `ConcurrencyBehavior` defined in `BuildingBlocks/MediatR/ConcurrencyBehavior.cs`
  B: - [ ] WHEN verified THEN ConcurrencyBehavior defined in BuildingBlocks/MediatR/Concurrency

skills\dotnet\architecture\solutions\🧩validated\solution-entity-concurrency-change.skill\Implementation\BuildingBlocks.csproj.extend.md [# Rules / MUST NOT]
  A: - [ ] No EF Core reference in BuildingBlocks
  B: - [ ] WHEN verified THEN No EF Core reference in BuildingBlocks

skills\dotnet\architecture\solutions\🧩validated\solution-entity-concurrency-change.skill\Implementation\BuildingBlocks.csproj.extend.md [# Rules / MUST NOT]
  A: - [ ] WHEN verified THEN ETagEncoder defined in BuildingBlocks/Concurrency/ETagEncoder.cs
  B: - [ ] WHEN verified THEN ConcurrencyBehavior defined in BuildingBlocks/MediatR/Concurrency

skills\dotnet\architecture\solutions\🧩validated\solution-entity-concurrency-change.skill\Implementation\BuildingBlocks.csproj.extend.md [# Rules / MUST NOT]
  A: - [ ] WHEN verified THEN No generic by-Id spec in BuildingBlocks
  B: - [ ] WHEN verified THEN No EF Core reference in BuildingBlocks

skills\dotnet\architecture\solutions\🧩validated\solution-entity-concurrency-change.skill\Implementation\Shared.csproj.extend\IEntityVersionResolver.cs.create.md [# Rule changes / MUST NOT]
  A: - Throw when the entity is missing — return `0` so `ConcurrencyBehavior` can produce `Resu
  B: - [ ] WHEN applied THEN Returns 0 when the entity does not exist — ConcurrencyBehavior ret

skills\dotnet\architecture\solutions\🧩validated\solution-entity-concurrency-change.skill\Implementation\Shared.csproj.extend\IEntityVersionResolver.cs.create.md [# Rule changes / MUST NOT]
  A: - [ ] `IEntityVersionResolver` defined in `Shared/Concurrency/IEntityVersionResolver.cs`
  B: - [ ] WHEN verified THEN IEntityVersionResolver defined in Shared/Concurrency/IEntityVersi

skills\dotnet\architecture\solutions\🧩validated\solution-entity-concurrency-change.skill\Implementation\Shared.csproj.extend\IEntityVersionResolver.cs.create.md [# Rule changes / MUST NOT]
  A: - [ ] Method signature returns `Task<int>`
  B: - [ ] WHEN verified THEN Method signature returns Task<int>

skills\dotnet\architecture\solutions\🧩validated\solution-entity-concurrency-change.skill\Implementation\Shared.csproj.extend\IEntityVersionResolverFactory.cs.create.md [# Rule changes / MUST NOT]
  A: - [ ] `IEntityVersionResolverFactory` defined in `Shared/Concurrency/IEntityVersionResolve
  B: - [ ] WHEN verified THEN IEntityVersionResolverFactory defined in Shared/Concurrency/IEnti

skills\dotnet\architecture\solutions\🧩validated\solution-entity-concurrency-change.skill\Implementation\Shared.csproj.extend\IEntityVersionResolverFactory.cs.create.md [# Rule changes / MUST NOT]
  A: - [ ] Method signature returns `IEntityVersionResolver?`
  B: - [ ] WHEN verified THEN Method signature returns IEntityVersionResolver?

skills\dotnet\architecture\solutions\🧩validated\solution-entity-concurrency-change.skill\Implementation\Shared.csproj.extend\IHasVersions.cs.create.md [# Rule changes / MUST NOT]
  A: - [ ] `IHasVersions` defined in `Shared/Concurrency/IHasVersions.cs`
  B: - [ ] WHEN verified THEN IHasVersions defined in Shared/Concurrency/IHasVersions.cs

skills\dotnet\architecture\solutions\🧩validated\solution-entity-concurrency-change.skill\Implementation\Shared.csproj.extend\IHasVersions.cs.create.md [# Rule changes / MUST NOT]
  A: - [ ] Dictionary keys are stable business strings
  B: - [ ] WHEN verified THEN Dictionary keys are stable business strings

skills\dotnet\architecture\solutions\🧩validated\solution-entity-concurrency-change.skill\Implementation\Shared.csproj.extend\IHasVersions.cs.create.md [# Rule changes / MUST NOT]
  A: - [ ] Only update and patch commands implement this interface
  B: - [ ] WHEN verified THEN Only update and patch commands implement this interface

skills\dotnet\architecture\solutions\🧩validated\solution-entity-concurrency-change.skill\Implementation\Shared.csproj.extend\IVersioned.cs.create.md [# Rule changes / MUST NOT]
  A: - [ ] `IVersioned` defined in `Shared/Concurrency/IVersioned.cs`
  B: - [ ] WHEN verified THEN IVersioned defined in Shared/Concurrency/IVersioned.cs

skills\dotnet\architecture\solutions\🧩validated\solution-entity-concurrency-change.skill\Implementation\Shared.csproj.extend\IVersioned.cs.create.md [# Rule changes / MUST NOT]
  A: - [ ] Every mutable entity implements `IVersioned`
  B: - [ ] WHEN verified THEN Every mutable entity implements IVersioned

skills\dotnet\architecture\solutions\🧩validated\solution-entity-concurrency-change.skill\Implementation\Shared.csproj.extend\IVersioned.cs.create.md [# Rule changes / MUST NOT]
  A: - [ ] WHEN verified THEN IVersioned defined in Shared/Concurrency/IVersioned.cs
  B: - [ ] WHEN verified THEN Every mutable entity implements IVersioned

skills\dotnet\architecture\solutions\🧩validated\solution-entity-concurrency-change.skill\Implementation\Shared.csproj.extend.md [# Rules / MUST NOT]
  A: - [ ] `IHasVersions` defined in `Shared/Concurrency/IHasVersions.cs`
  B: - [ ] WHEN verified THEN IHasVersions defined in Shared/Concurrency/IHasVersions.cs

skills\dotnet\architecture\solutions\🧩validated\solution-entity-concurrency-change.skill\Implementation\Shared.csproj.extend.md [# Rules / MUST NOT]
  A: - [ ] `IEntityVersionResolverFactory` defined in `Shared/Concurrency/IEntityVersionResolve
  B: - [ ] WHEN verified THEN IEntityVersionResolverFactory defined in Shared/Concurrency/IEnti

skills\dotnet\architecture\solutions\🧩validated\solution-entity-concurrency-change.skill\Implementation\Shared.csproj.extend.md [# Rules / MUST NOT]
  A: - [ ] `IEntityVersionResolver` defined in `Shared/Concurrency/IEntityVersionResolver.cs`
  B: - [ ] WHEN verified THEN IEntityVersionResolver defined in Shared/Concurrency/IEntityVersi

skills\dotnet\architecture\solutions\🧩validated\solution-entity-concurrency-change.skill\Implementation\Shared.csproj.extend.md [# Rules / MUST NOT]
  A: - [ ] `IVersioned` defined in `Shared/Concurrency/IVersioned.cs`
  B: - [ ] WHEN verified THEN IVersioned defined in Shared/Concurrency/IVersioned.cs

skills\dotnet\architecture\solutions\🧩validated\solution-entity-concurrency-change.skill\Implementation\Shared.csproj.extend.md [# Rules / MUST NOT]
  A: - [ ] WHEN verified THEN IHasVersions defined in Shared/Concurrency/IHasVersions.cs
  B: - [ ] WHEN verified THEN IEntityVersionResolverFactory defined in Shared/Concurrency/IEnti

skills\dotnet\architecture\solutions\🧩validated\solution-entity-concurrency-change.skill\Implementation\Shared.csproj.extend.md [# Rules / MUST NOT]
  A: - [ ] WHEN verified THEN IHasVersions defined in Shared/Concurrency/IHasVersions.cs
  B: - [ ] WHEN verified THEN IEntityVersionResolver defined in Shared/Concurrency/IEntityVersi

skills\dotnet\architecture\solutions\🧩validated\solution-entity-concurrency-change.skill\Implementation\Shared.csproj.extend.md [# Rules / MUST NOT]
  A: - [ ] WHEN verified THEN IHasVersions defined in Shared/Concurrency/IHasVersions.cs
  B: - [ ] WHEN verified THEN IVersioned defined in Shared/Concurrency/IVersioned.cs

skills\dotnet\architecture\solutions\🧩validated\solution-entity-concurrency-change.skill\Implementation\Shared.csproj.extend.md [# Rules / MUST NOT]
  A: - [ ] WHEN verified THEN IEntityVersionResolverFactory defined in Shared/Concurrency/IEnti
  B: - [ ] WHEN verified THEN IEntityVersionResolver defined in Shared/Concurrency/IEntityVersi

skills\dotnet\architecture\solutions\🧩validated\solution-entity-concurrency-change.skill\Implementation\Shared.csproj.extend.md [# Rules / MUST NOT]
  A: - [ ] WHEN verified THEN IEntityVersionResolverFactory defined in Shared/Concurrency/IEnti
  B: - [ ] WHEN verified THEN IVersioned defined in Shared/Concurrency/IVersioned.cs

skills\dotnet\architecture\solutions\🧩validated\solution-entity-concurrency-change.skill\Implementation\Shared.csproj.extend.md [# Rules / MUST NOT]
  A: - [ ] WHEN verified THEN IEntityVersionResolver defined in Shared/Concurrency/IEntityVersi
  B: - [ ] WHEN verified THEN IVersioned defined in Shared/Concurrency/IVersioned.cs

skills\dotnet\architecture\solutions\🧩validated\solution-entity-concurrency-change.skill\Implementation\{Module}.Api.csproj.extend\Single{Entity}Controller.cs.extend.md [# Rule changes / MUST]
  A: - GET for mutable entity sets `Response.Headers.ETag` with encoded versions
  B: - GET responses for mutable entities include `ETag` header with encoded versions

skills\dotnet\architecture\solutions\🧩validated\solution-entity-concurrency-change.skill\Implementation\{Module}.Api.csproj.extend\Single{Entity}Controller.cs.extend.md [# Rule changes / MUST]
  A: - PUT/PATCH checks `If-Match` presence — returns 412 immediately if missing
  B: - PUT/PATCH endpoints check `If-Match` presence — return 412 if missing or malformed

skills\dotnet\architecture\solutions\🧩validated\solution-entity-concurrency-change.skill\Implementation\{Module}.Api.csproj.extend\Single{Entity}Controller.cs.extend.md [# Rule changes / MUST]
  A: - DTO returned by GET for mutable entity includes `Version` field
  B: - DTOs returned by GET for mutable entities include `Version` field

skills\dotnet\architecture\solutions\🧩validated\solution-entity-concurrency-change.skill\Implementation\{Module}.Api.csproj.extend\Single{Entity}Controller.cs.extend.md [# Rule changes / MUST NOT]
  A: - Controller return 400 for missing `If-Match` — 412 Precondition Failed is correct
  B: - Controller returns 400 for missing `If-Match` — 412 Precondition Failed is correct

skills\dotnet\architecture\solutions\🧩validated\solution-entity-concurrency-change.skill\Implementation\{Module}.Api.csproj.extend\Single{Entity}Controller.cs.extend.md [# Rule changes / MUST NOT]
  A: - [ ] GET sets `Response.Headers.ETag`
  B: - [ ] WHEN verified THEN GET sets Response.Headers.ETag

skills\dotnet\architecture\solutions\🧩validated\solution-entity-concurrency-change.skill\Implementation\{Module}.Api.csproj.extend\Single{Entity}Controller.cs.extend.md [# Rule changes / MUST NOT]
  A: - [ ] PUT/PATCH checks `If-Match`
  B: - [ ] WHEN verified THEN PUT/PATCH checks If-Match

skills\dotnet\architecture\solutions\🧩validated\solution-entity-concurrency-change.skill\Implementation\{Module}.Api.csproj.extend\Single{Entity}Controller.cs.extend.md [# Rule changes / MUST NOT]
  A: - [ ] 412 returned if `If-Match` missing or malformed
  B: - [ ] WHEN verified THEN 412 returned if If-Match missing or malformed

skills\dotnet\architecture\solutions\🧩validated\solution-entity-concurrency-change.skill\Implementation\{Module}.Api.csproj.extend\Single{Entity}Controller.cs.extend.md [# Rule changes / MUST NOT]
  A: - [ ] `Versions` passed to command from decoded `If-Match`
  B: - [ ] WHEN verified THEN Versions passed to command from decoded If-Match

skills\dotnet\architecture\solutions\🧩validated\solution-entity-concurrency-change.skill\Implementation\{Module}.Api.csproj.extend\Single{Entity}Controller.cs.extend.md [# Rule changes / MUST NOT]
  A: - [ ] 412 declared in `[ProducesResponseType]`
  B: - [ ] WHEN verified THEN 412 declared in [ProducesResponseType]

skills\dotnet\architecture\solutions\🧩validated\solution-entity-concurrency-change.skill\Implementation\{Module}.Api.csproj.extend\Single{Entity}Controller.cs.extend.md [# Rule changes / MUST NOT]
  A: - [ ] DTO includes `Version` field
  B: - [ ] WHEN verified THEN DTO includes Version field

skills\dotnet\architecture\solutions\🧩validated\solution-entity-concurrency-change.skill\Implementation\{Module}.Api.csproj.extend\Single{Entity}Controller.cs.extend.md [# Rule changes / MUST NOT]
  A: - [ ] `switch` default arm throws `InvalidOperationException`
  B: - [ ] WHEN verified THEN switch default arm throws InvalidOperationException

skills\dotnet\architecture\solutions\🧩validated\solution-entity-concurrency-change.skill\Implementation\{Module}.Api.csproj.extend\Single{Entity}Controller.cs.extend.md [# Rule changes / MUST NOT]
  A: - [ ] WHEN applied THEN Decode If-Match request header and return 412 before dispatch if m
  B: - [ ] WHEN applied THEN If If-Match missing or ETagEncoder.Decode returns null → return St

skills\dotnet\architecture\solutions\🧩validated\solution-entity-concurrency-change.skill\Implementation\{Module}.Api.csproj.extend\Single{Entity}Controller.cs.extend.md [# Rule changes / MUST NOT]
  A: - [ ] WHEN applied THEN Decode If-Match request header and return 412 before dispatch if m
  B: - [ ] WHEN verified THEN 412 returned if If-Match missing or malformed

skills\dotnet\architecture\solutions\🧩validated\solution-entity-concurrency-change.skill\Implementation\{Module}.Api.csproj.extend\Single{Entity}Controller.cs.extend.md [# Rule changes / MUST NOT]
  A: - [ ] WHEN applied THEN Populate Versions on the update command from the decoded If-Match 
  B: - [ ] WHEN verified THEN Versions passed to command from decoded If-Match

skills\dotnet\architecture\solutions\🧩validated\solution-entity-concurrency-change.skill\Implementation\{Module}.Api.csproj.extend\Single{Entity}Controller.cs.extend.md [# Rule changes / MUST NOT]
  A: - [ ] WHEN verified THEN PUT/PATCH checks If-Match
  B: - [ ] WHEN verified THEN 412 returned if If-Match missing or malformed

skills\dotnet\architecture\solutions\🧩validated\solution-entity-concurrency-change.skill\Implementation\{Module}.Application.csproj.extend\{Entity}VersionResolver.cs.create.md [# Rule changes / MUST NOT]
  A: - [ ] `{Entity}VersionResolver` defined in `{Module}.Application/Concurrency/{Entity}Versi
  B: - [ ] WHEN verified THEN {Entity}VersionResolver defined in {Module}.Application/Concurren

skills\dotnet\architecture\solutions\🧩validated\solution-entity-concurrency-change.skill\Implementation\{Module}.Application.csproj.extend\{Entity}VersionResolver.cs.create.md [# Rule changes / MUST NOT]
  A: - [ ] Implements `IEntityVersionResolver`
  B: - [ ] WHEN applied THEN Inherits no base class — implements IEntityVersionResolver directl

skills\dotnet\architecture\solutions\🧩validated\solution-entity-concurrency-change.skill\Implementation\{Module}.Application.csproj.extend\{Entity}VersionResolver.cs.create.md [# Rule changes / MUST NOT]
  A: - [ ] Implements `IEntityVersionResolver`
  B: - [ ] WHEN verified THEN Implements IEntityVersionResolver

skills\dotnet\architecture\solutions\🧩validated\solution-entity-concurrency-change.skill\Implementation\{Module}.Application.csproj.extend\{Entity}VersionResolver.cs.create.md [# Rule changes / MUST NOT]
  A: - [ ] `VersionedEntityName` matches `{Entity}Config.VersionedEntityName`
  B: - [ ] WHEN verified THEN VersionedEntityName matches {Entity}Config.VersionedEntityName

skills\dotnet\architecture\solutions\🧩validated\solution-entity-concurrency-change.skill\Implementation\{Module}.Application.csproj.extend\{Entity}VersionResolver.cs.create.md [# Rule changes / MUST NOT]
  A: - [ ] Uses `IReadRepository<{Entity}>` and `{Entity}ByIdSpec`
  B: - [ ] WHEN verified THEN Uses IReadRepository<{Entity}> and {Entity}ByIdSpec

skills\dotnet\architecture\solutions\🧩validated\solution-entity-concurrency-change.skill\Implementation\{Module}.Application.csproj.extend\{Entity}VersionResolver.cs.create.md [# Rule changes / MUST NOT]
  A: - [ ] WHEN applied THEN Uses IReadRepository<{Entity}> from Shared
  B: - [ ] WHEN verified THEN Uses IReadRepository<{Entity}> and {Entity}ByIdSpec

skills\dotnet\architecture\solutions\🧩validated\solution-entity-concurrency-change.skill\Implementation\{Module}.Application.csproj.extend\{Entity}VersionResolver.cs.create.md [# Rule changes / MUST NOT]
  A: - [ ] WHEN applied THEN VersionedEntityName constant mirrors {Entity}Config.VersionedEntit
  B: - [ ] WHEN verified THEN VersionedEntityName matches {Entity}Config.VersionedEntityName

skills\dotnet\architecture\solutions\🧩validated\solution-entity-concurrency-change.skill\Implementation\{Module}.Application.csproj.extend.md [# Rules / MUST NOT]
  A: - [ ] `{Entity}VersionResolver` exists for every versioned entity
  B: - [ ] WHEN verified THEN {Entity}VersionResolver exists for every versioned entity

skills\dotnet\architecture\solutions\🧩validated\solution-entity-concurrency-change.skill\Implementation\{Module}.Application.csproj.extend.md [# Rules / MUST NOT]
  A: - [ ] Resolver implements `IEntityVersionResolver`
  B: - [ ] WHEN verified THEN Resolver implements IEntityVersionResolver

skills\dotnet\architecture\solutions\🧩validated\solution-entity-concurrency-change.skill\Implementation\{Module}.Application.csproj.extend.md [# Rules / MUST NOT]
  A: - [ ] `VersionedEntityName` constant matches Domain config
  B: - [ ] WHEN verified THEN VersionedEntityName constant matches Domain config

skills\dotnet\architecture\solutions\🧩validated\solution-entity-concurrency-change.skill\Implementation\{Module}.Application.csproj.extend.md [# Rules / MUST NOT]
  A: - [ ] WHEN applied THEN Realize IEntityVersionResolver for every versioned entity in the m
  B: - [ ] WHEN applied THEN Each versioned entity has a dedicated {Entity}VersionResolver clas

skills\dotnet\architecture\solutions\🧩validated\solution-entity-concurrency-change.skill\Implementation\{Module}.Application.csproj.extend.md [# Rules / MUST NOT]
  A: - [ ] WHEN applied THEN Realize IEntityVersionResolver for every versioned entity in the m
  B: - [ ] WHEN verified THEN {Entity}VersionResolver exists for every versioned entity

skills\dotnet\architecture\solutions\🧩validated\solution-entity-concurrency-change.skill\Implementation\{Module}.Application.csproj.extend.md [# Rules / MUST NOT]
  A: - [ ] WHEN applied THEN Resolver's VersionedEntityName constant matches the Domain config 
  B: - [ ] WHEN verified THEN VersionedEntityName constant matches Domain config

skills\dotnet\architecture\solutions\🧩validated\solution-entity-concurrency-change.skill\Implementation\{Module}.Domain.csproj.extend\{EntityName}.cs.extend.md [# Rule changes / MUST]
  A: - All mutable entities have `public uint Version { get; internal set; }`
  B: - Every mutable entity has `public uint Version { get; internal set; }`

skills\dotnet\architecture\solutions\🧩validated\solution-entity-concurrency-change.skill\Implementation\{Module}.Domain.csproj.extend\{EntityName}.cs.extend.md [# Rule changes / MUST NOT]
  A: - Immutable entities have `Version` — they are never updated
  B: - [ ] Immutable entities do not have `Version`

skills\dotnet\architecture\solutions\🧩validated\solution-entity-concurrency-change.skill\Implementation\{Module}.Domain.csproj.extend\{EntityName}.cs.extend.md [# Rule changes / MUST NOT]
  A: - [ ] `uint Version { get; internal set; }` present on mutable entity
  B: - [ ] WHEN verified THEN uint Version { get; internal set; } present on mutable entity

skills\dotnet\architecture\solutions\🧩validated\solution-entity-concurrency-change.skill\Implementation\{Module}.Domain.csproj.extend\{EntityName}.cs.extend.md [# Rule changes / MUST NOT]
  A: - [ ] Mutable entity implements `IVersioned`
  B: - [ ] WHEN verified THEN Mutable entity implements IVersioned

skills\dotnet\architecture\solutions\🧩validated\solution-entity-concurrency-change.skill\Implementation\{Module}.Domain.csproj.extend\{EntityName}.cs.extend.md [# Rule changes / MUST NOT]
  A: - [ ] Immutable entities do not have `Version`
  B: - [ ] WHEN verified THEN Immutable entities do not have Version

skills\dotnet\architecture\solutions\🧩validated\solution-entity-concurrency-change.skill\Implementation\{Module}.Domain.csproj.extend\{EntityName}.cs.extend.md [# Rule changes / MUST NOT]
  A: - [ ] WHEN applied THEN Present on Internal Mutable and External Mutable entity types — ab
  B: - [ ] WHEN verified THEN uint Version { get; internal set; } present on mutable entity

skills\dotnet\architecture\solutions\🧩validated\solution-entity-concurrency-change.skill\Implementation\{Module}.Domain.csproj.extend\{EntityName}.cs.extend.md [# Rule changes / MUST NOT]
  A: - [ ] WHEN applied THEN All mutable entities implement IVersioned
  B: - [ ] WHEN verified THEN Mutable entity implements IVersioned

skills\dotnet\architecture\solutions\🧩validated\solution-entity-concurrency-change.skill\Implementation\{Module}.Domain.csproj.extend\{EntityName}Config.cs.extend.md [# Rule changes / MUST NOT]
  A: - [ ] `Version` mapped to `xmin`
  B: - [ ] WHEN verified THEN Version mapped to xmin

skills\dotnet\architecture\solutions\🧩validated\solution-entity-concurrency-change.skill\Implementation\{Module}.Domain.csproj.extend\{EntityName}Config.cs.extend.md [# Rule changes / MUST NOT]
  A: - [ ] `.IsConcurrencyToken()` called
  B: - [ ] WHEN verified THEN .IsConcurrencyToken() called

skills\dotnet\architecture\solutions\🧩validated\solution-entity-concurrency-change.skill\Implementation\{Module}.Domain.csproj.extend\{EntityName}Config.cs.extend.md [# Rule changes / MUST NOT]
  A: - [ ] `.ValueGeneratedOnAddOrUpdate()` called
  B: - [ ] WHEN verified THEN .ValueGeneratedOnAddOrUpdate() called

skills\dotnet\architecture\solutions\🧩validated\solution-entity-concurrency-change.skill\Implementation\{Module}.Domain.csproj.extend\{EntityName}Config.cs.extend.md [# Rule changes / MUST NOT]
  A: - [ ] `VersionedEntityName` declared as `public const string`
  B: - [ ] `TableName` declared as `public const string`

skills\dotnet\architecture\solutions\🧩validated\solution-entity-concurrency-change.skill\Implementation\{Module}.Domain.csproj.extend\{EntityName}Config.cs.extend.md [# Rule changes / MUST NOT]
  A: - [ ] `VersionedEntityName` declared as `public const string`
  B: - [ ] WHEN applied THEN VersionedEntityName declared as public const string with the stabl

skills\dotnet\architecture\solutions\🧩validated\solution-entity-concurrency-change.skill\Implementation\{Module}.Domain.csproj.extend\{EntityName}Config.cs.extend.md [# Rule changes / MUST NOT]
  A: - [ ] `VersionedEntityName` declared as `public const string`
  B: - [ ] WHEN verified THEN VersionedEntityName declared as public const string

skills\dotnet\architecture\solutions\🧩validated\solution-entity-concurrency-change.skill\Implementation\{Module}.Domain.csproj.extend\{EntityName}Config.cs.extend.md [# Rule changes / MUST NOT]
  A: - [ ] `VersionedEntityName` declared as `public const string`
  B: - [ ] WHEN verified THEN TableName declared as public const string

skills\dotnet\architecture\solutions\🧩validated\solution-entity-concurrency-change.skill\Implementation\{Module}.Domain.csproj.extend\{EntityName}Config.cs.extend.md [# Rule changes / MUST NOT]
  A: - [ ] `TableName` declared as `public const string`
  B: - [ ] WHEN verified THEN VersionedEntityName declared as public const string

skills\dotnet\architecture\solutions\🧩validated\solution-entity-concurrency-change.skill\Implementation\{Module}.Domain.csproj.extend\{EntityName}Config.cs.extend.md [# Rule changes / MUST NOT]
  A: - [ ] `TableName` declared as `public const string`
  B: - [ ] WHEN verified THEN TableName declared as public const string

skills\dotnet\architecture\solutions\🧩validated\solution-entity-concurrency-change.skill\Implementation\{Module}.Domain.csproj.extend\{EntityName}Config.cs.extend.md [# Rule changes / MUST NOT]
  A: - [ ] WHEN applied THEN VersionedEntityName declared as public const string with the stabl
  B: - [ ] WHEN verified THEN VersionedEntityName declared as public const string

skills\dotnet\architecture\solutions\🧩validated\solution-entity-concurrency-change.skill\Implementation\{Module}.Domain.csproj.extend\{EntityName}Config.cs.extend.md [# Rule changes / MUST NOT]
  A: - [ ] WHEN applied THEN VersionedEntityName declared as public const string with the stabl
  B: - [ ] WHEN verified THEN TableName declared as public const string

skills\dotnet\architecture\solutions\🧩validated\solution-entity-concurrency-change.skill\Implementation\{Module}.Domain.csproj.extend\{EntityName}Config.cs.extend.md [# Rule changes / MUST NOT]
  A: - [ ] WHEN verified THEN .IsConcurrencyToken() called
  B: - [ ] WHEN verified THEN .ValueGeneratedOnAddOrUpdate() called

skills\dotnet\architecture\solutions\🧩validated\solution-entity-concurrency-change.skill\Implementation\{Module}.Domain.csproj.extend\{EntityName}Config.cs.extend.md [# Rule changes / MUST NOT]
  A: - [ ] WHEN verified THEN VersionedEntityName declared as public const string
  B: - [ ] WHEN verified THEN TableName declared as public const string

skills\dotnet\architecture\solutions\🧩validated\solution-entity-concurrency-change.skill\Implementation\{Module}.Interfaces.csproj.extend\{Command}.cs.extend.md [# Rule changes / MUST NOT]
  A: - [ ] Update command implements `IHasVersions`
  B: - [ ] WHEN verified THEN Update command implements IHasVersions

skills\dotnet\architecture\solutions\🧩validated\solution-entity-concurrency-change.skill\Implementation\{Module}.Interfaces.csproj.extend\{Command}.cs.extend.md [# Rule changes / MUST NOT]
  A: - [ ] Patch command implements `IHasVersions`
  B: - [ ] WHEN verified THEN Patch command implements IHasVersions

skills\dotnet\architecture\solutions\🧩validated\solution-entity-concurrency-change.skill\Implementation\{Module}.Interfaces.csproj.extend\{Command}.cs.extend.md [# Rule changes / MUST NOT]
  A: - [ ] `Versions` passed from controller
  B: - [ ] WHEN verified THEN Versions passed from controller

skills\dotnet\architecture\solutions\🧩validated\solution-entity-concurrency-change.skill\Implementation\{Module}.Interfaces.csproj.extend\{Command}.cs.extend.md [# Rule changes / MUST NOT]
  A: - [ ] WHEN applied THEN Require all update and patch commands to implement IHasVersions
  B: - [ ] WHEN applied THEN Create and delete commands do NOT implement IHasVersions — only up

skills\dotnet\architecture\solutions\🧩validated\solution-entity-concurrency-change.skill\Implementation\{Module}.Interfaces.csproj.extend\{Command}.cs.extend.md [# Rule changes / MUST NOT]
  A: - [ ] WHEN verified THEN Update command implements IHasVersions
  B: - [ ] WHEN verified THEN Patch command implements IHasVersions

skills\dotnet\architecture\solutions\🧩validated\solution-entity-concurrency-change.skill\Implementation\{Module}.Interfaces.csproj.extend\{Command}.cs.extend.md [# Rule changes / MUST NOT]
  A: - [ ] WHEN naming 'Update command' THEN pattern matches convention
  B: - [ ] WHEN naming 'Patch command' THEN pattern matches convention

skills\dotnet\architecture\solutions\🧩validated\solution-entity-concurrency-change.skill\solution-entity-concurrency-change.skill.md [# Rules / MUST]
  A: - [[./Implementation/App.Host.csproj.extend.md#MUST|App.Host.csproj.extend]]
  B: - [[./Implementation/App.Infrastructure.csproj.extend.md#MUST|App.Infrastructure.csproj.ex

skills\dotnet\architecture\solutions\🧩validated\solution-entity-concurrency-change.skill\solution-entity-concurrency-change.skill.md [# Rules / MUST]
  A: - [[./Implementation/App.Host.csproj.extend/EntityVersionResolverRegistration.cs.create.md
  B: - [[./Implementation/App.Infrastructure.csproj.extend/EntityVersionResolverFactory.cs.crea

skills\dotnet\architecture\solutions\🧩validated\solution-entity-concurrency-change.skill\solution-entity-concurrency-change.skill.md [# Rules / MUST]
  A: - [[./Implementation/BuildingBlocks.csproj.extend/ConcurrencyBehavior.cs.create.md#MUST|Co
  B: - [[./Implementation/BuildingBlocks.csproj.extend/ETagEncoder.cs.create.md#MUST|ETagEncode

skills\dotnet\architecture\solutions\🧩validated\solution-entity-concurrency-change.skill\solution-entity-concurrency-change.skill.md [# Rules / MUST]
  A: - [[./Implementation/Shared.csproj.extend/IEntityVersionResolver.cs.create.md#MUST|IEntity
  B: - [[./Implementation/Shared.csproj.extend/IEntityVersionResolverFactory.cs.create.md#MUST|

skills\dotnet\architecture\solutions\🧩validated\solution-entity-concurrency-change.skill\solution-entity-concurrency-change.skill.md [# Rules / MUST]
  A: - [[./Implementation/Shared.csproj.extend/IEntityVersionResolver.cs.create.md#MUST|IEntity
  B: - [[./Implementation/Shared.csproj.extend/IHasVersions.cs.create.md#MUST|IHasVersions.cs.c

skills\dotnet\architecture\solutions\🧩validated\solution-entity-concurrency-change.skill\solution-entity-concurrency-change.skill.md [# Rules / MUST]
  A: - [[./Implementation/Shared.csproj.extend/IEntityVersionResolver.cs.create.md#MUST|IEntity
  B: - [[./Implementation/Shared.csproj.extend/IVersioned.cs.create.md#MUST|IVersioned.cs.creat

skills\dotnet\architecture\solutions\🧩validated\solution-entity-concurrency-change.skill\solution-entity-concurrency-change.skill.md [# Rules / MUST]
  A: - [[./Implementation/Shared.csproj.extend/IEntityVersionResolverFactory.cs.create.md#MUST|
  B: - [[./Implementation/Shared.csproj.extend/IHasVersions.cs.create.md#MUST|IHasVersions.cs.c

skills\dotnet\architecture\solutions\🧩validated\solution-entity-concurrency-change.skill\solution-entity-concurrency-change.skill.md [# Rules / MUST]
  A: - [[./Implementation/Shared.csproj.extend/IEntityVersionResolverFactory.cs.create.md#MUST|
  B: - [[./Implementation/Shared.csproj.extend/IVersioned.cs.create.md#MUST|IVersioned.cs.creat

skills\dotnet\architecture\solutions\🧩validated\solution-entity-concurrency-change.skill\solution-entity-concurrency-change.skill.md [# Rules / MUST]
  A: - [[./Implementation/Shared.csproj.extend/IHasVersions.cs.create.md#MUST|IHasVersions.cs.c
  B: - [[./Implementation/Shared.csproj.extend/IVersioned.cs.create.md#MUST|IVersioned.cs.creat

skills\dotnet\architecture\solutions\🧩validated\solution-entity-concurrency-change.skill\solution-entity-concurrency-change.skill.md [# Rules / MUST]
  A: - [[./Implementation/{Module}.Api.csproj.extend.md#MUST|{Module}.Api.csproj.extend]]
  B: - [[./Implementation/{Module}.Api.csproj.extend/Single{Entity}Controller.cs.extend.md#MUST

skills\dotnet\architecture\solutions\🧩validated\solution-entity-concurrency-change.skill\solution-entity-concurrency-change.skill.md [# Rules / MUST]
  A: - [[./Implementation/{Module}.Api.csproj.extend.md#MUST|{Module}.Api.csproj.extend]]
  B: - [[./Implementation/{Module}.Application.csproj.extend.md#MUST|{Module}.Application.cspro

skills\dotnet\architecture\solutions\🧩validated\solution-entity-concurrency-change.skill\solution-entity-concurrency-change.skill.md [# Rules / MUST]
  A: - [[./Implementation/{Module}.Api.csproj.extend.md#MUST|{Module}.Api.csproj.extend]]
  B: - [[./Implementation/{Module}.Domain.csproj.extend.md#MUST|{Module}.Domain.csproj.extend]]

skills\dotnet\architecture\solutions\🧩validated\solution-entity-concurrency-change.skill\solution-entity-concurrency-change.skill.md [# Rules / MUST]
  A: - [[./Implementation/{Module}.Api.csproj.extend.md#MUST|{Module}.Api.csproj.extend]]
  B: - [[./Implementation/{Module}.Domain.csproj.extend/{EntityName}.cs.extend.md#MUST|{EntityN

skills\dotnet\architecture\solutions\🧩validated\solution-entity-concurrency-change.skill\solution-entity-concurrency-change.skill.md [# Rules / MUST]
  A: - [[./Implementation/{Module}.Api.csproj.extend.md#MUST|{Module}.Api.csproj.extend]]
  B: - [[./Implementation/{Module}.Domain.csproj.extend/{EntityName}Config.cs.extend.md#MUST|{E

skills\dotnet\architecture\solutions\🧩validated\solution-entity-concurrency-change.skill\solution-entity-concurrency-change.skill.md [# Rules / MUST]
  A: - [[./Implementation/{Module}.Api.csproj.extend.md#MUST|{Module}.Api.csproj.extend]]
  B: - [[./Implementation/{Module}.Interfaces.csproj.extend.md#MUST|{Module}.Interfaces.csproj.

skills\dotnet\architecture\solutions\🧩validated\solution-entity-concurrency-change.skill\solution-entity-concurrency-change.skill.md [# Rules / MUST]
  A: - [[./Implementation/{Module}.Api.csproj.extend.md#MUST|{Module}.Api.csproj.extend]]
  B: - [[./Implementation/{Module}.Interfaces.csproj.extend/{Command}.cs.extend.md#MUST|{Comman

skills\dotnet\architecture\solutions\🧩validated\solution-entity-concurrency-change.skill\solution-entity-concurrency-change.skill.md [# Rules / MUST]
  A: - [[./Implementation/{Module}.Api.csproj.extend/Single{Entity}Controller.cs.extend.md#MUST
  B: - [[./Implementation/{Module}.Application.csproj.extend/{Entity}VersionResolver.cs.create.

skills\dotnet\architecture\solutions\🧩validated\solution-entity-concurrency-change.skill\solution-entity-concurrency-change.skill.md [# Rules / MUST]
  A: - [[./Implementation/{Module}.Api.csproj.extend/Single{Entity}Controller.cs.extend.md#MUST
  B: - [[./Implementation/{Module}.Domain.csproj.extend/{EntityName}.cs.extend.md#MUST|{EntityN

skills\dotnet\architecture\solutions\🧩validated\solution-entity-concurrency-change.skill\solution-entity-concurrency-change.skill.md [# Rules / MUST]
  A: - [[./Implementation/{Module}.Api.csproj.extend/Single{Entity}Controller.cs.extend.md#MUST
  B: - [[./Implementation/{Module}.Domain.csproj.extend/{EntityName}Config.cs.extend.md#MUST|{E

skills\dotnet\architecture\solutions\🧩validated\solution-entity-concurrency-change.skill\solution-entity-concurrency-change.skill.md [# Rules / MUST]
  A: - [[./Implementation/{Module}.Api.csproj.extend/Single{Entity}Controller.cs.extend.md#MUST
  B: - [[./Implementation/{Module}.Interfaces.csproj.extend/{Command}.cs.extend.md#MUST|{Comman

skills\dotnet\architecture\solutions\🧩validated\solution-entity-concurrency-change.skill\solution-entity-concurrency-change.skill.md [# Rules / MUST]
  A: - [[./Implementation/{Module}.Application.csproj.extend.md#MUST|{Module}.Application.cspro
  B: - [[./Implementation/{Module}.Application.csproj.extend/{Entity}VersionResolver.cs.create.

skills\dotnet\architecture\solutions\🧩validated\solution-entity-concurrency-change.skill\solution-entity-concurrency-change.skill.md [# Rules / MUST]
  A: - [[./Implementation/{Module}.Application.csproj.extend.md#MUST|{Module}.Application.cspro
  B: - [[./Implementation/{Module}.Domain.csproj.extend.md#MUST|{Module}.Domain.csproj.extend]]

skills\dotnet\architecture\solutions\🧩validated\solution-entity-concurrency-change.skill\solution-entity-concurrency-change.skill.md [# Rules / MUST]
  A: - [[./Implementation/{Module}.Application.csproj.extend.md#MUST|{Module}.Application.cspro
  B: - [[./Implementation/{Module}.Domain.csproj.extend/{EntityName}.cs.extend.md#MUST|{EntityN

skills\dotnet\architecture\solutions\🧩validated\solution-entity-concurrency-change.skill\solution-entity-concurrency-change.skill.md [# Rules / MUST]
  A: - [[./Implementation/{Module}.Application.csproj.extend.md#MUST|{Module}.Application.cspro
  B: - [[./Implementation/{Module}.Domain.csproj.extend/{EntityName}Config.cs.extend.md#MUST|{E

skills\dotnet\architecture\solutions\🧩validated\solution-entity-concurrency-change.skill\solution-entity-concurrency-change.skill.md [# Rules / MUST]
  A: - [[./Implementation/{Module}.Application.csproj.extend.md#MUST|{Module}.Application.cspro
  B: - [[./Implementation/{Module}.Interfaces.csproj.extend.md#MUST|{Module}.Interfaces.csproj.

skills\dotnet\architecture\solutions\🧩validated\solution-entity-concurrency-change.skill\solution-entity-concurrency-change.skill.md [# Rules / MUST]
  A: - [[./Implementation/{Module}.Application.csproj.extend.md#MUST|{Module}.Application.cspro
  B: - [[./Implementation/{Module}.Interfaces.csproj.extend/{Command}.cs.extend.md#MUST|{Comman

skills\dotnet\architecture\solutions\🧩validated\solution-entity-concurrency-change.skill\solution-entity-concurrency-change.skill.md [# Rules / MUST]
  A: - [[./Implementation/{Module}.Application.csproj.extend/{Entity}VersionResolver.cs.create.
  B: - [[./Implementation/{Module}.Domain.csproj.extend/{EntityName}.cs.extend.md#MUST|{EntityN

skills\dotnet\architecture\solutions\🧩validated\solution-entity-concurrency-change.skill\solution-entity-concurrency-change.skill.md [# Rules / MUST]
  A: - [[./Implementation/{Module}.Application.csproj.extend/{Entity}VersionResolver.cs.create.
  B: - [[./Implementation/{Module}.Domain.csproj.extend/{EntityName}Config.cs.extend.md#MUST|{E

skills\dotnet\architecture\solutions\🧩validated\solution-entity-concurrency-change.skill\solution-entity-concurrency-change.skill.md [# Rules / MUST]
  A: - [[./Implementation/{Module}.Application.csproj.extend/{Entity}VersionResolver.cs.create.
  B: - [[./Implementation/{Module}.Interfaces.csproj.extend/{Command}.cs.extend.md#MUST|{Comman

skills\dotnet\architecture\solutions\🧩validated\solution-entity-concurrency-change.skill\solution-entity-concurrency-change.skill.md [# Rules / MUST]
  A: - [[./Implementation/{Module}.Domain.csproj.extend.md#MUST|{Module}.Domain.csproj.extend]]
  B: - [[./Implementation/{Module}.Domain.csproj.extend/{EntityName}.cs.extend.md#MUST|{EntityN

skills\dotnet\architecture\solutions\🧩validated\solution-entity-concurrency-change.skill\solution-entity-concurrency-change.skill.md [# Rules / MUST]
  A: - [[./Implementation/{Module}.Domain.csproj.extend.md#MUST|{Module}.Domain.csproj.extend]]
  B: - [[./Implementation/{Module}.Domain.csproj.extend/{EntityName}Config.cs.extend.md#MUST|{E

skills\dotnet\architecture\solutions\🧩validated\solution-entity-concurrency-change.skill\solution-entity-concurrency-change.skill.md [# Rules / MUST]
  A: - [[./Implementation/{Module}.Domain.csproj.extend.md#MUST|{Module}.Domain.csproj.extend]]
  B: - [[./Implementation/{Module}.Interfaces.csproj.extend.md#MUST|{Module}.Interfaces.csproj.

skills\dotnet\architecture\solutions\🧩validated\solution-entity-concurrency-change.skill\solution-entity-concurrency-change.skill.md [# Rules / MUST]
  A: - [[./Implementation/{Module}.Domain.csproj.extend.md#MUST|{Module}.Domain.csproj.extend]]
  B: - [[./Implementation/{Module}.Interfaces.csproj.extend/{Command}.cs.extend.md#MUST|{Comman

skills\dotnet\architecture\solutions\🧩validated\solution-entity-concurrency-change.skill\solution-entity-concurrency-change.skill.md [# Rules / MUST]
  A: - [[./Implementation/{Module}.Domain.csproj.extend/{EntityName}.cs.extend.md#MUST|{EntityN
  B: - [[./Implementation/{Module}.Domain.csproj.extend/{EntityName}Config.cs.extend.md#MUST|{E

skills\dotnet\architecture\solutions\🧩validated\solution-entity-concurrency-change.skill\solution-entity-concurrency-change.skill.md [# Rules / MUST]
  A: - [[./Implementation/{Module}.Domain.csproj.extend/{EntityName}.cs.extend.md#MUST|{EntityN
  B: - [[./Implementation/{Module}.Interfaces.csproj.extend.md#MUST|{Module}.Interfaces.csproj.

skills\dotnet\architecture\solutions\🧩validated\solution-entity-concurrency-change.skill\solution-entity-concurrency-change.skill.md [# Rules / MUST]
  A: - [[./Implementation/{Module}.Domain.csproj.extend/{EntityName}.cs.extend.md#MUST|{EntityN
  B: - [[./Implementation/{Module}.Interfaces.csproj.extend/{Command}.cs.extend.md#MUST|{Comman

skills\dotnet\architecture\solutions\🧩validated\solution-entity-concurrency-change.skill\solution-entity-concurrency-change.skill.md [# Rules / MUST]
  A: - [[./Implementation/{Module}.Domain.csproj.extend/{EntityName}Config.cs.extend.md#MUST|{E
  B: - [[./Implementation/{Module}.Interfaces.csproj.extend.md#MUST|{Module}.Interfaces.csproj.

skills\dotnet\architecture\solutions\🧩validated\solution-entity-concurrency-change.skill\solution-entity-concurrency-change.skill.md [# Rules / MUST]
  A: - [[./Implementation/{Module}.Domain.csproj.extend/{EntityName}Config.cs.extend.md#MUST|{E
  B: - [[./Implementation/{Module}.Interfaces.csproj.extend/{Command}.cs.extend.md#MUST|{Comman

skills\dotnet\architecture\solutions\🧩validated\solution-entity-concurrency-change.skill\solution-entity-concurrency-change.skill.md [# Rules / MUST]
  A: - [[./Implementation/{Module}.Interfaces.csproj.extend.md#MUST|{Module}.Interfaces.csproj.
  B: - [[./Implementation/{Module}.Interfaces.csproj.extend/{Command}.cs.extend.md#MUST|{Comman

skills\dotnet\architecture\solutions\🧩validated\solution-entity-concurrency-change.skill\solution-entity-concurrency-change.skill.md [# Rules / MUST NOT]
  A: - [[./Implementation/App.Host.csproj.extend.md#MUST NOT|App.Host.csproj.extend]]
  B: - [[./Implementation/App.Host.csproj.extend/EntityVersionResolverRegistration.cs.create.md

skills\dotnet\architecture\solutions\🧩validated\solution-entity-concurrency-change.skill\solution-entity-concurrency-change.skill.md [# Rules / MUST NOT]
  A: - [[./Implementation/App.Host.csproj.extend.md#MUST NOT|App.Host.csproj.extend]]
  B: - [[./Implementation/App.Infrastructure.csproj.extend.md#MUST NOT|App.Infrastructure.cspro

skills\dotnet\architecture\solutions\🧩validated\solution-entity-concurrency-change.skill\solution-entity-concurrency-change.skill.md [# Rules / MUST NOT]
  A: - [[./Implementation/App.Host.csproj.extend/EntityVersionResolverRegistration.cs.create.md
  B: - [[./Implementation/App.Infrastructure.csproj.extend/EntityVersionResolverFactory.cs.crea

skills\dotnet\architecture\solutions\🧩validated\solution-entity-concurrency-change.skill\solution-entity-concurrency-change.skill.md [# Rules / MUST NOT]
  A: - [[./Implementation/App.Host.csproj.extend/EntityVersionResolverRegistration.cs.create.md
  B: - [[./Implementation/BuildingBlocks.csproj.extend/ConcurrencyBehavior.cs.create.md#MUST NO

skills\dotnet\architecture\solutions\🧩validated\solution-entity-concurrency-change.skill\solution-entity-concurrency-change.skill.md [# Rules / MUST NOT]
  A: - [[./Implementation/App.Host.csproj.extend/EntityVersionResolverRegistration.cs.create.md
  B: - [[./Implementation/Shared.csproj.extend/IEntityVersionResolver.cs.create.md#MUST NOT|IEn

skills\dotnet\architecture\solutions\🧩validated\solution-entity-concurrency-change.skill\solution-entity-concurrency-change.skill.md [# Rules / MUST NOT]
  A: - [[./Implementation/App.Host.csproj.extend/EntityVersionResolverRegistration.cs.create.md
  B: - [[./Implementation/Shared.csproj.extend/IEntityVersionResolverFactory.cs.create.md#MUST 

skills\dotnet\architecture\solutions\🧩validated\solution-entity-concurrency-change.skill\solution-entity-concurrency-change.skill.md [# Rules / MUST NOT]
  A: - [[./Implementation/App.Host.csproj.extend/EntityVersionResolverRegistration.cs.create.md
  B: - [[./Implementation/Shared.csproj.extend/IHasVersions.cs.create.md#MUST NOT|IHasVersions.

skills\dotnet\architecture\solutions\🧩validated\solution-entity-concurrency-change.skill\solution-entity-concurrency-change.skill.md [# Rules / MUST NOT]
  A: - [[./Implementation/App.Host.csproj.extend/EntityVersionResolverRegistration.cs.create.md
  B: - [[./Implementation/Shared.csproj.extend/IVersioned.cs.create.md#MUST NOT|IVersioned.cs.c

skills\dotnet\architecture\solutions\🧩validated\solution-entity-concurrency-change.skill\solution-entity-concurrency-change.skill.md [# Rules / MUST NOT]
  A: - [[./Implementation/App.Infrastructure.csproj.extend.md#MUST NOT|App.Infrastructure.cspro
  B: - [[./Implementation/App.Infrastructure.csproj.extend/EntityVersionResolverFactory.cs.crea

skills\dotnet\architecture\solutions\🧩validated\solution-entity-concurrency-change.skill\solution-entity-concurrency-change.skill.md [# Rules / MUST NOT]
  A: - [[./Implementation/App.Infrastructure.csproj.extend/EntityVersionResolverFactory.cs.crea
  B: - [[./Implementation/BuildingBlocks.csproj.extend/ConcurrencyBehavior.cs.create.md#MUST NO

skills\dotnet\architecture\solutions\🧩validated\solution-entity-concurrency-change.skill\solution-entity-concurrency-change.skill.md [# Rules / MUST NOT]
  A: - [[./Implementation/App.Infrastructure.csproj.extend/EntityVersionResolverFactory.cs.crea
  B: - [[./Implementation/Shared.csproj.extend/IEntityVersionResolver.cs.create.md#MUST NOT|IEn

skills\dotnet\architecture\solutions\🧩validated\solution-entity-concurrency-change.skill\solution-entity-concurrency-change.skill.md [# Rules / MUST NOT]
  A: - [[./Implementation/App.Infrastructure.csproj.extend/EntityVersionResolverFactory.cs.crea
  B: - [[./Implementation/Shared.csproj.extend/IEntityVersionResolverFactory.cs.create.md#MUST 

skills\dotnet\architecture\solutions\🧩validated\solution-entity-concurrency-change.skill\solution-entity-concurrency-change.skill.md [# Rules / MUST NOT]
  A: - [[./Implementation/App.Infrastructure.csproj.extend/EntityVersionResolverFactory.cs.crea
  B: - [[./Implementation/Shared.csproj.extend/IHasVersions.cs.create.md#MUST NOT|IHasVersions.

skills\dotnet\architecture\solutions\🧩validated\solution-entity-concurrency-change.skill\solution-entity-concurrency-change.skill.md [# Rules / MUST NOT]
  A: - [[./Implementation/App.Infrastructure.csproj.extend/EntityVersionResolverFactory.cs.crea
  B: - [[./Implementation/Shared.csproj.extend/IVersioned.cs.create.md#MUST NOT|IVersioned.cs.c

skills\dotnet\architecture\solutions\🧩validated\solution-entity-concurrency-change.skill\solution-entity-concurrency-change.skill.md [# Rules / MUST NOT]
  A: - [[./Implementation/BuildingBlocks.csproj.extend/ConcurrencyBehavior.cs.create.md#MUST NO
  B: - [[./Implementation/Shared.csproj.extend/IEntityVersionResolver.cs.create.md#MUST NOT|IEn

skills\dotnet\architecture\solutions\🧩validated\solution-entity-concurrency-change.skill\solution-entity-concurrency-change.skill.md [# Rules / MUST NOT]
  A: - [[./Implementation/BuildingBlocks.csproj.extend/ConcurrencyBehavior.cs.create.md#MUST NO
  B: - [[./Implementation/Shared.csproj.extend/IEntityVersionResolverFactory.cs.create.md#MUST 

skills\dotnet\architecture\solutions\🧩validated\solution-entity-concurrency-change.skill\solution-entity-concurrency-change.skill.md [# Rules / MUST NOT]
  A: - [[./Implementation/BuildingBlocks.csproj.extend/ConcurrencyBehavior.cs.create.md#MUST NO
  B: - [[./Implementation/Shared.csproj.extend/IHasVersions.cs.create.md#MUST NOT|IHasVersions.

skills\dotnet\architecture\solutions\🧩validated\solution-entity-concurrency-change.skill\solution-entity-concurrency-change.skill.md [# Rules / MUST NOT]
  A: - [[./Implementation/BuildingBlocks.csproj.extend/ConcurrencyBehavior.cs.create.md#MUST NO
  B: - [[./Implementation/Shared.csproj.extend/IVersioned.cs.create.md#MUST NOT|IVersioned.cs.c

skills\dotnet\architecture\solutions\🧩validated\solution-entity-concurrency-change.skill\solution-entity-concurrency-change.skill.md [# Rules / MUST NOT]
  A: - [[./Implementation/Shared.csproj.extend/IEntityVersionResolver.cs.create.md#MUST NOT|IEn
  B: - [[./Implementation/Shared.csproj.extend/IEntityVersionResolverFactory.cs.create.md#MUST 

skills\dotnet\architecture\solutions\🧩validated\solution-entity-concurrency-change.skill\solution-entity-concurrency-change.skill.md [# Rules / MUST NOT]
  A: - [[./Implementation/Shared.csproj.extend/IEntityVersionResolver.cs.create.md#MUST NOT|IEn
  B: - [[./Implementation/Shared.csproj.extend/IHasVersions.cs.create.md#MUST NOT|IHasVersions.

skills\dotnet\architecture\solutions\🧩validated\solution-entity-concurrency-change.skill\solution-entity-concurrency-change.skill.md [# Rules / MUST NOT]
  A: - [[./Implementation/Shared.csproj.extend/IEntityVersionResolver.cs.create.md#MUST NOT|IEn
  B: - [[./Implementation/Shared.csproj.extend/IVersioned.cs.create.md#MUST NOT|IVersioned.cs.c

skills\dotnet\architecture\solutions\🧩validated\solution-entity-concurrency-change.skill\solution-entity-concurrency-change.skill.md [# Rules / MUST NOT]
  A: - [[./Implementation/Shared.csproj.extend/IEntityVersionResolverFactory.cs.create.md#MUST 
  B: - [[./Implementation/Shared.csproj.extend/IHasVersions.cs.create.md#MUST NOT|IHasVersions.

skills\dotnet\architecture\solutions\🧩validated\solution-entity-concurrency-change.skill\solution-entity-concurrency-change.skill.md [# Rules / MUST NOT]
  A: - [[./Implementation/Shared.csproj.extend/IEntityVersionResolverFactory.cs.create.md#MUST 
  B: - [[./Implementation/Shared.csproj.extend/IVersioned.cs.create.md#MUST NOT|IVersioned.cs.c

skills\dotnet\architecture\solutions\🧩validated\solution-entity-concurrency-change.skill\solution-entity-concurrency-change.skill.md [# Rules / MUST NOT]
  A: - [[./Implementation/Shared.csproj.extend/IHasVersions.cs.create.md#MUST NOT|IHasVersions.
  B: - [[./Implementation/Shared.csproj.extend/IVersioned.cs.create.md#MUST NOT|IVersioned.cs.c

skills\dotnet\architecture\solutions\🧩validated\solution-entity-concurrency-change.skill\solution-entity-concurrency-change.skill.md [# Rules / MUST NOT]
  A: - [[./Implementation/{Module}.Api.csproj.extend.md#MUST NOT|{Module}.Api.csproj.extend]]
  B: - [[./Implementation/{Module}.Api.csproj.extend/Single{Entity}Controller.cs.extend.md#MUST

skills\dotnet\architecture\solutions\🧩validated\solution-entity-concurrency-change.skill\solution-entity-concurrency-change.skill.md [# Rules / MUST NOT]
  A: - [[./Implementation/{Module}.Api.csproj.extend.md#MUST NOT|{Module}.Api.csproj.extend]]
  B: - [[./Implementation/{Module}.Application.csproj.extend.md#MUST NOT|{Module}.Application.c

skills\dotnet\architecture\solutions\🧩validated\solution-entity-concurrency-change.skill\solution-entity-concurrency-change.skill.md [# Rules / MUST NOT]
  A: - [[./Implementation/{Module}.Api.csproj.extend.md#MUST NOT|{Module}.Api.csproj.extend]]
  B: - [[./Implementation/{Module}.Domain.csproj.extend.md#MUST NOT|{Module}.Domain.csproj.exte

skills\dotnet\architecture\solutions\🧩validated\solution-entity-concurrency-change.skill\solution-entity-concurrency-change.skill.md [# Rules / MUST NOT]
  A: - [[./Implementation/{Module}.Api.csproj.extend.md#MUST NOT|{Module}.Api.csproj.extend]]
  B: - [[./Implementation/{Module}.Domain.csproj.extend/{EntityName}.cs.extend.md#MUST NOT|{Ent

skills\dotnet\architecture\solutions\🧩validated\solution-entity-concurrency-change.skill\solution-entity-concurrency-change.skill.md [# Rules / MUST NOT]
  A: - [[./Implementation/{Module}.Api.csproj.extend.md#MUST NOT|{Module}.Api.csproj.extend]]
  B: - [[./Implementation/{Module}.Domain.csproj.extend/{EntityName}Config.cs.extend.md#MUST NO

skills\dotnet\architecture\solutions\🧩validated\solution-entity-concurrency-change.skill\solution-entity-concurrency-change.skill.md [# Rules / MUST NOT]
  A: - [[./Implementation/{Module}.Api.csproj.extend.md#MUST NOT|{Module}.Api.csproj.extend]]
  B: - [[./Implementation/{Module}.Interfaces.csproj.extend.md#MUST NOT|{Module}.Interfaces.csp

skills\dotnet\architecture\solutions\🧩validated\solution-entity-concurrency-change.skill\solution-entity-concurrency-change.skill.md [# Rules / MUST NOT]
  A: - [[./Implementation/{Module}.Api.csproj.extend.md#MUST NOT|{Module}.Api.csproj.extend]]
  B: - [[./Implementation/{Module}.Interfaces.csproj.extend/{Command}.cs.extend.md#MUST NOT|{Co

skills\dotnet\architecture\solutions\🧩validated\solution-entity-concurrency-change.skill\solution-entity-concurrency-change.skill.md [# Rules / MUST NOT]
  A: - [[./Implementation/{Module}.Api.csproj.extend/Single{Entity}Controller.cs.extend.md#MUST
  B: - [[./Implementation/{Module}.Application.csproj.extend/{Entity}VersionResolver.cs.create.

skills\dotnet\architecture\solutions\🧩validated\solution-entity-concurrency-change.skill\solution-entity-concurrency-change.skill.md [# Rules / MUST NOT]
  A: - [[./Implementation/{Module}.Api.csproj.extend/Single{Entity}Controller.cs.extend.md#MUST
  B: - [[./Implementation/{Module}.Domain.csproj.extend/{EntityName}.cs.extend.md#MUST NOT|{Ent

skills\dotnet\architecture\solutions\🧩validated\solution-entity-concurrency-change.skill\solution-entity-concurrency-change.skill.md [# Rules / MUST NOT]
  A: - [[./Implementation/{Module}.Api.csproj.extend/Single{Entity}Controller.cs.extend.md#MUST
  B: - [[./Implementation/{Module}.Domain.csproj.extend/{EntityName}Config.cs.extend.md#MUST NO

skills\dotnet\architecture\solutions\🧩validated\solution-entity-concurrency-change.skill\solution-entity-concurrency-change.skill.md [# Rules / MUST NOT]
  A: - [[./Implementation/{Module}.Api.csproj.extend/Single{Entity}Controller.cs.extend.md#MUST
  B: - [[./Implementation/{Module}.Interfaces.csproj.extend/{Command}.cs.extend.md#MUST NOT|{Co

skills\dotnet\architecture\solutions\🧩validated\solution-entity-concurrency-change.skill\solution-entity-concurrency-change.skill.md [# Rules / MUST NOT]
  A: - [[./Implementation/{Module}.Application.csproj.extend.md#MUST NOT|{Module}.Application.c
  B: - [[./Implementation/{Module}.Application.csproj.extend/{Entity}VersionResolver.cs.create.

skills\dotnet\architecture\solutions\🧩validated\solution-entity-concurrency-change.skill\solution-entity-concurrency-change.skill.md [# Rules / MUST NOT]
  A: - [[./Implementation/{Module}.Application.csproj.extend.md#MUST NOT|{Module}.Application.c
  B: - [[./Implementation/{Module}.Domain.csproj.extend.md#MUST NOT|{Module}.Domain.csproj.exte

skills\dotnet\architecture\solutions\🧩validated\solution-entity-concurrency-change.skill\solution-entity-concurrency-change.skill.md [# Rules / MUST NOT]
  A: - [[./Implementation/{Module}.Application.csproj.extend.md#MUST NOT|{Module}.Application.c
  B: - [[./Implementation/{Module}.Domain.csproj.extend/{EntityName}.cs.extend.md#MUST NOT|{Ent

skills\dotnet\architecture\solutions\🧩validated\solution-entity-concurrency-change.skill\solution-entity-concurrency-change.skill.md [# Rules / MUST NOT]
  A: - [[./Implementation/{Module}.Application.csproj.extend.md#MUST NOT|{Module}.Application.c
  B: - [[./Implementation/{Module}.Domain.csproj.extend/{EntityName}Config.cs.extend.md#MUST NO

skills\dotnet\architecture\solutions\🧩validated\solution-entity-concurrency-change.skill\solution-entity-concurrency-change.skill.md [# Rules / MUST NOT]
  A: - [[./Implementation/{Module}.Application.csproj.extend.md#MUST NOT|{Module}.Application.c
  B: - [[./Implementation/{Module}.Interfaces.csproj.extend.md#MUST NOT|{Module}.Interfaces.csp

skills\dotnet\architecture\solutions\🧩validated\solution-entity-concurrency-change.skill\solution-entity-concurrency-change.skill.md [# Rules / MUST NOT]
  A: - [[./Implementation/{Module}.Application.csproj.extend.md#MUST NOT|{Module}.Application.c
  B: - [[./Implementation/{Module}.Interfaces.csproj.extend/{Command}.cs.extend.md#MUST NOT|{Co

skills\dotnet\architecture\solutions\🧩validated\solution-entity-concurrency-change.skill\solution-entity-concurrency-change.skill.md [# Rules / MUST NOT]
  A: - [[./Implementation/{Module}.Application.csproj.extend/{Entity}VersionResolver.cs.create.
  B: - [[./Implementation/{Module}.Domain.csproj.extend/{EntityName}.cs.extend.md#MUST NOT|{Ent

skills\dotnet\architecture\solutions\🧩validated\solution-entity-concurrency-change.skill\solution-entity-concurrency-change.skill.md [# Rules / MUST NOT]
  A: - [[./Implementation/{Module}.Application.csproj.extend/{Entity}VersionResolver.cs.create.
  B: - [[./Implementation/{Module}.Domain.csproj.extend/{EntityName}Config.cs.extend.md#MUST NO

skills\dotnet\architecture\solutions\🧩validated\solution-entity-concurrency-change.skill\solution-entity-concurrency-change.skill.md [# Rules / MUST NOT]
  A: - [[./Implementation/{Module}.Application.csproj.extend/{Entity}VersionResolver.cs.create.
  B: - [[./Implementation/{Module}.Interfaces.csproj.extend/{Command}.cs.extend.md#MUST NOT|{Co

skills\dotnet\architecture\solutions\🧩validated\solution-entity-concurrency-change.skill\solution-entity-concurrency-change.skill.md [# Rules / MUST NOT]
  A: - [[./Implementation/{Module}.Domain.csproj.extend.md#MUST NOT|{Module}.Domain.csproj.exte
  B: - [[./Implementation/{Module}.Domain.csproj.extend/{EntityName}.cs.extend.md#MUST NOT|{Ent

skills\dotnet\architecture\solutions\🧩validated\solution-entity-concurrency-change.skill\solution-entity-concurrency-change.skill.md [# Rules / MUST NOT]
  A: - [[./Implementation/{Module}.Domain.csproj.extend.md#MUST NOT|{Module}.Domain.csproj.exte
  B: - [[./Implementation/{Module}.Domain.csproj.extend/{EntityName}Config.cs.extend.md#MUST NO

skills\dotnet\architecture\solutions\🧩validated\solution-entity-concurrency-change.skill\solution-entity-concurrency-change.skill.md [# Rules / MUST NOT]
  A: - [[./Implementation/{Module}.Domain.csproj.extend.md#MUST NOT|{Module}.Domain.csproj.exte
  B: - [[./Implementation/{Module}.Interfaces.csproj.extend.md#MUST NOT|{Module}.Interfaces.csp

skills\dotnet\architecture\solutions\🧩validated\solution-entity-concurrency-change.skill\solution-entity-concurrency-change.skill.md [# Rules / MUST NOT]
  A: - [[./Implementation/{Module}.Domain.csproj.extend.md#MUST NOT|{Module}.Domain.csproj.exte
  B: - [[./Implementation/{Module}.Interfaces.csproj.extend/{Command}.cs.extend.md#MUST NOT|{Co

skills\dotnet\architecture\solutions\🧩validated\solution-entity-concurrency-change.skill\solution-entity-concurrency-change.skill.md [# Rules / MUST NOT]
  A: - [[./Implementation/{Module}.Domain.csproj.extend/{EntityName}.cs.extend.md#MUST NOT|{Ent
  B: - [[./Implementation/{Module}.Domain.csproj.extend/{EntityName}Config.cs.extend.md#MUST NO

skills\dotnet\architecture\solutions\🧩validated\solution-entity-concurrency-change.skill\solution-entity-concurrency-change.skill.md [# Rules / MUST NOT]
  A: - [[./Implementation/{Module}.Domain.csproj.extend/{EntityName}.cs.extend.md#MUST NOT|{Ent
  B: - [[./Implementation/{Module}.Interfaces.csproj.extend.md#MUST NOT|{Module}.Interfaces.csp

skills\dotnet\architecture\solutions\🧩validated\solution-entity-concurrency-change.skill\solution-entity-concurrency-change.skill.md [# Rules / MUST NOT]
  A: - [[./Implementation/{Module}.Domain.csproj.extend/{EntityName}.cs.extend.md#MUST NOT|{Ent
  B: - [[./Implementation/{Module}.Interfaces.csproj.extend/{Command}.cs.extend.md#MUST NOT|{Co

skills\dotnet\architecture\solutions\🧩validated\solution-entity-concurrency-change.skill\solution-entity-concurrency-change.skill.md [# Rules / MUST NOT]
  A: - [[./Implementation/{Module}.Domain.csproj.extend/{EntityName}Config.cs.extend.md#MUST NO
  B: - [[./Implementation/{Module}.Interfaces.csproj.extend.md#MUST NOT|{Module}.Interfaces.csp

skills\dotnet\architecture\solutions\🧩validated\solution-entity-concurrency-change.skill\solution-entity-concurrency-change.skill.md [# Rules / MUST NOT]
  A: - [[./Implementation/{Module}.Domain.csproj.extend/{EntityName}Config.cs.extend.md#MUST NO
  B: - [[./Implementation/{Module}.Interfaces.csproj.extend/{Command}.cs.extend.md#MUST NOT|{Co

skills\dotnet\architecture\solutions\🧩validated\solution-entity-concurrency-change.skill\solution-entity-concurrency-change.skill.md [# Rules / MUST NOT]
  A: - [[./Implementation/{Module}.Interfaces.csproj.extend.md#MUST NOT|{Module}.Interfaces.csp
  B: - [[./Implementation/{Module}.Interfaces.csproj.extend/{Command}.cs.extend.md#MUST NOT|{Co

skills\dotnet\architecture\solutions\🧩validated\solution-entity-edit-timestamp.skill\Implementation\App.Infrastructure.csproj.extend\AppDbContext.cs.extend.md [# Rule changes / MUST]
  A: - Set `ServerCreatedDateTime` only for `Added` `ICreationInfoModel` entries.
  B: - Set `ServerUpdatedDateTime` for `Added` and `Modified` `IUpdateInfoModel` entries.

skills\dotnet\architecture\solutions\🧩validated\solution-entity-edit-timestamp.skill\Implementation\App.Infrastructure.csproj.extend\AppDbContext.cs.extend.md [# Rule changes / MUST]
  A: - Create handlers for mutable entities set both `UserCreatedDateTime` and `UserUpdatedDate
  B: - Create handlers for `External Immutable` entities set only `UserCreatedDateTime` to `Act

skills\dotnet\architecture\solutions\🧩validated\solution-entity-edit-timestamp.skill\Implementation\App.Infrastructure.csproj.extend\AppDbContext.cs.extend.md [# Rule changes / MUST NOT]
  A: - Set user timestamps in `OnBeforeSaving()`.
  B: - Set user timestamps in `AppDbContext`.

skills\dotnet\architecture\solutions\🧩validated\solution-entity-edit-timestamp.skill\Implementation\App.Infrastructure.csproj.extend\AppDbContext.cs.extend.md [# Rule changes / MUST NOT]
  A: - Add timestamp fields to `Internal Immutable` entities.
  B: - Add update timestamp fields to `External Immutable` entities.

skills\dotnet\architecture\solutions\🧩validated\solution-entity-edit-timestamp.skill\Implementation\App.Infrastructure.csproj.extend\AppDbContext.cs.extend.md [# Rule changes / MUST NOT]
  A: - Set server timestamps in handlers.
  B: - Assigning server timestamps in handlers or behaviors.

skills\dotnet\architecture\solutions\🧩validated\solution-entity-edit-timestamp.skill\Implementation\App.Infrastructure.csproj.extend\AppDbContext.cs.extend.md [# Rule changes / MUST NOT]
  A: - [ ] WHEN `SaveChangesAsync` is called on a new mutable entity THEN `ServerCreatedDateTim
  B: - [ ] WHEN `SaveChangesAsync` is called on a modified mutable entity THEN `ServerUpdatedDa

skills\dotnet\architecture\solutions\🧩validated\solution-entity-edit-timestamp.skill\Implementation\App.Infrastructure.csproj.extend.md [# Rules / MUST]
  A: - Set `ServerCreatedDateTime` for `Added` entries implementing `ICreationInfoModel`.
  B: - Set `ServerUpdatedDateTime` for `Added` or `Modified` entries implementing `IUpdateInfoM

skills\dotnet\architecture\solutions\🧩validated\solution-entity-edit-timestamp.skill\Implementation\App.Infrastructure.csproj.extend.md [# Rules / MUST NOT]
  A: - [ ] `SaveChanges()` overridden and calls `OnBeforeSaving()`.
  B: - [ ] `SaveChangesAsync()` overridden and calls `OnBeforeSaving()`.

skills\dotnet\architecture\solutions\🧩validated\solution-entity-edit-timestamp.skill\Implementation\App.Infrastructure.csproj.extend.md [# Rules / MUST NOT]
  A: - [ ] `OnBeforeSaving()` sets `ServerCreatedDateTime` for added `ICreationInfoModel` entri
  B: - [ ] `OnBeforeSaving()` sets `ServerUpdatedDateTime` for added/modified `IUpdateInfoModel

skills\dotnet\architecture\solutions\🧩validated\solution-entity-edit-timestamp.skill\Implementation\Shared.csproj.extend\ICommandWithTimestamp.cs.create.md [# Rule changes / MUST]
  A: - Only commands that create or update a timestamped entity implement this interface.
  B: - Commands that create or update a timestamped entity implement `ICommandWithTimestamp` al

skills\dotnet\architecture\solutions\🧩validated\solution-entity-edit-timestamp.skill\Implementation\Shared.csproj.extend\ICreationInfoModel.cs.create.md [# Rule changes / MUST]
  A: - Be implemented by `External Immutable`, `Internal Mutable`, and `External Mutable` entit
  B: - `Internal Mutable` and `External Mutable` entities implement both `ICreationInfoModel` a

skills\dotnet\architecture\solutions\🧩validated\solution-entity-edit-timestamp.skill\Implementation\Shared.csproj.extend\ICreationInfoModel.cs.create.md [# Rule changes / MUST NOT]
  A: - [ ] WHEN applied THEN allow assignment through `ICreationInfoModel`.
  B: - [ ] WHEN applied THEN satisfy `ICreationInfoModelReadOnly` through inheritance.

skills\dotnet\architecture\solutions\🧩validated\solution-entity-edit-timestamp.skill\Implementation\Shared.csproj.extend\ICreationInfoModelReadOnly.cs.create.md [# Rule changes / MUST NOT]
  A: - [ ] WHEN applied THEN expose `ServerCreatedDateTime` as read-only.
  B: - [ ] WHEN applied THEN expose `UserCreatedDateTime` as read-only.

skills\dotnet\architecture\solutions\🧩validated\solution-entity-edit-timestamp.skill\Implementation\Shared.csproj.extend\IUpdateInfoModel.cs.create.md [# Rule changes / MUST NOT]
  A: - [ ] WHEN applied THEN allow assignment through `IUpdateInfoModel`.
  B: - [ ] WHEN applied THEN satisfy `IUpdateInfoModelReadOnly` through inheritance.

skills\dotnet\architecture\solutions\🧩validated\solution-entity-edit-timestamp.skill\Implementation\Shared.csproj.extend\IUpdateInfoModelReadOnly.cs.create.md [# Rule changes / MUST NOT]
  A: - [ ] WHEN applied THEN expose `ServerUpdatedDateTime` as read-only.
  B: - [ ] WHEN applied THEN expose `UserUpdatedDateTime` as read-only.

skills\dotnet\architecture\solutions\🧩validated\solution-entity-edit-timestamp.skill\Implementation\{Module}.Application.csproj.extend\{FeatureName}.Handler.cs.extend.md [# Rule changes / MUST NOT]
  A: - [ ] Update handler sets only user updated timestamp.
  B: - [ ] External Immutable create handler sets only user created timestamp.

skills\dotnet\architecture\solutions\🧩validated\solution-entity-edit-timestamp.skill\Implementation\{Module}.Application.csproj.extend\{FeatureName}.Handler.cs.extend.md [# Rule changes / MUST NOT]
  A: - [ ] WHEN create mutable entity THEN `UserCreatedDateTime` and `UserUpdatedDateTime` equa
  B: - [ ] WHEN update mutable entity THEN only `UserUpdatedDateTime` changes.

skills\dotnet\architecture\solutions\🧩validated\solution-entity-edit-timestamp.skill\Implementation\{Module}.Application.csproj.extend\{FeatureName}.Handler.cs.extend.md [# Rule changes / MUST NOT]
  A: - [ ] WHEN create mutable entity THEN `UserCreatedDateTime` and `UserUpdatedDateTime` equa
  B: - [ ] WHEN create External Immutable entity THEN only `UserCreatedDateTime` is set.

skills\dotnet\architecture\solutions\🧩validated\solution-entity-edit-timestamp.skill\Implementation\{Module}.Application.csproj.extend\{FeatureName}.Validator.cs.extend.md [# Rule changes / MUST NOT]
  A: - [ ] WHEN `ActionTimeStamp` is default THEN validator fails.
  B: - [ ] WHEN `ActionTimeStamp` is in the future THEN validator fails.

skills\dotnet\architecture\solutions\🧩validated\solution-entity-edit-timestamp.skill\Implementation\{Module}.Application.csproj.extend\{FeatureName}.Validator.cs.extend.md [# Rule changes / MUST NOT]
  A: - [ ] WHEN `ActionTimeStamp` is default THEN validator fails.
  B: - [ ] WHEN `ActionTimeStamp` is current or past THEN validator passes.

skills\dotnet\architecture\solutions\🧩validated\solution-entity-edit-timestamp.skill\Implementation\{Module}.Application.csproj.extend\{FeatureName}.Validator.cs.extend.md [# Rule changes / MUST NOT]
  A: - [ ] WHEN `ActionTimeStamp` is in the future THEN validator fails.
  B: - [ ] WHEN `ActionTimeStamp` is current or past THEN validator passes.

skills\dotnet\architecture\solutions\🧩validated\solution-entity-edit-timestamp.skill\Implementation\{Module}.Application.csproj.extend.md [# Rules / MUST]
  A: - Create handlers for mutable entities set both `UserCreatedDateTime` and `UserUpdatedDate
  B: - Create handlers for `External Immutable` entities set only `UserCreatedDateTime`.

skills\dotnet\architecture\solutions\🧩validated\solution-entity-edit-timestamp.skill\Implementation\{Module}.Application.csproj.extend.md [# Rules / MUST NOT]
  A: - [ ] Create handler sets `UserCreatedDateTime` and `UserUpdatedDateTime` for mutable enti
  B: - [ ] Create handler for `External Immutable` sets only `UserCreatedDateTime`.

skills\dotnet\architecture\solutions\🧩validated\solution-entity-edit-timestamp.skill\Implementation\{Module}.Domain.csproj.extend\{EntityName}.cs.extend.md [# Rule changes / MUST NOT]
  A: - Add timestamp fields to `Internal Immutable` entities.
  B: - Add update timestamp fields to `External Immutable` entities.

skills\dotnet\architecture\solutions\🧩validated\solution-entity-edit-timestamp.skill\Implementation\{Module}.Domain.csproj.extend\{EntityName}.cs.extend.md [# Rule changes / MUST NOT]
  A: - Expose public setters on class-level timestamp properties.
  B: - [ ] Class-level timestamp setters are `internal`.

skills\dotnet\architecture\solutions\🧩validated\solution-entity-edit-timestamp.skill\Implementation\{Module}.Domain.csproj.extend\{EntityName}.cs.extend.md [# Rule changes / MUST NOT]
  A: - [ ] WHEN entity is `Internal Immutable` THEN it has no timestamp interfaces.
  B: - [ ] WHEN entity is `External Immutable` THEN it implements `ICreationInfoModel` only.

skills\dotnet\architecture\solutions\🧩validated\solution-entity-edit-timestamp.skill\Implementation\{Module}.Domain.csproj.extend\{EntityName}.cs.extend.md [# Rule changes / MUST NOT]
  A: - [ ] WHEN entity is `Internal Immutable` THEN it has no timestamp interfaces.
  B: - [ ] WHEN entity is `Internal Mutable` THEN it implements `ICreationInfoModel` and `IUpda

skills\dotnet\architecture\solutions\🧩validated\solution-entity-edit-timestamp.skill\Implementation\{Module}.Domain.csproj.extend\{EntityName}.cs.extend.md [# Rule changes / MUST NOT]
  A: - [ ] WHEN entity is `External Immutable` THEN it implements `ICreationInfoModel` only.
  B: - [ ] WHEN entity is `Internal Mutable` THEN it implements `ICreationInfoModel` and `IUpda

skills\dotnet\architecture\solutions\🧩validated\solution-entity-edit-timestamp.skill\Implementation\{Module}.Domain.csproj.extend\{EntityName}.cs.extend.md [# Rule changes / MUST NOT]
  A: - [ ] WHEN entity is `External Immutable` THEN it implements `ICreationInfoModel` only.
  B: - [ ] WHEN entity is `External Mutable` THEN it implements both interfaces and keeps `Guid

skills\dotnet\architecture\solutions\🧩validated\solution-entity-edit-timestamp.skill\Implementation\{Module}.Domain.csproj.extend\{EntityName}.cs.extend.md [# Rule changes / MUST NOT]
  A: - [ ] WHEN entity is `Internal Mutable` THEN it implements `ICreationInfoModel` and `IUpda
  B: - [ ] WHEN entity is `External Mutable` THEN it implements both interfaces and keeps `Guid

skills\dotnet\architecture\solutions\🧩validated\solution-entity-edit-timestamp.skill\Implementation\{Module}.Domain.csproj.extend\{EntityName}Config.cs.extend.md [# Rule changes / MUST NOT]
  A: - Map timestamp columns on `Internal Immutable` entities.
  B: - Map `ServerUpdatedDateTime` or `UserUpdatedDateTime` on `External Immutable` entities.

skills\dotnet\architecture\solutions\🧩validated\solution-entity-edit-timestamp.skill\Implementation\{Module}.Domain.csproj.extend\{EntityName}Config.cs.extend.md [# Rule changes / MUST NOT]
  A: - Use EF attributes on the entity.
  B: - [ ] No EF attributes on the entity class.

skills\dotnet\architecture\solutions\🧩validated\solution-entity-edit-timestamp.skill\Implementation\{Module}.Domain.csproj.extend\{EntityName}Config.cs.extend.md [# Rule changes / MUST NOT]
  A: - [ ] WHEN config inspected for `External Immutable` THEN only creation timestamps are map
  B: - [ ] WHEN config inspected for mutable entity THEN creation and update timestamps are map

skills\dotnet\architecture\solutions\🧩validated\solution-entity-edit-timestamp.skill\Implementation\{Module}.Domain.csproj.extend\{EntityName}Config.cs.extend.md [# Rule changes / MUST NOT]
  A: - [ ] WHEN config inspected for `External Immutable` THEN only creation timestamps are map
  B: - [ ] WHEN `Internal Immutable` config inspected THEN no timestamp columns are mapped.

skills\dotnet\architecture\solutions\🧩validated\solution-entity-edit-timestamp.skill\Implementation\{Module}.Domain.csproj.extend.md [# Rules / MUST NOT]
  A: - Add timestamp fields to `Internal Immutable` entities.
  B: - Add update timestamp fields to `External Immutable` entities.

skills\dotnet\architecture\solutions\🧩validated\solution-entity-edit-timestamp.skill\Implementation\{Module}.Interfaces.csproj.extend\{Command}.cs.extend.md [# Rule changes / MUST NOT]
  A: - `ActionTimeStamp` not as the first property.
  B: - [ ] `ActionTimeStamp` is the first property.

skills\dotnet\architecture\solutions\🧩validated\solution-entity-edit-timestamp.skill\Implementation\{Module}.Interfaces.csproj.extend\{Command}.cs.extend.md [# Rule changes / MUST NOT]
  A: - [ ] WHEN create command implements `ICommandWithTimestamp` THEN it exposes `ActionTimeSt
  B: - [ ] WHEN update command implements `ICommandWithTimestamp` THEN it exposes `ActionTimeSt

skills\dotnet\architecture\solutions\🧩validated\solution-entity-edit-timestamp.skill\Implementation\{Module}.Interfaces.csproj.extend.md [# Rules / MUST NOT]
  A: - [ ] Create commands for timestamped entities implement `ICommandWithTimestamp`.
  B: - [ ] Update commands for timestamped entities implement `ICommandWithTimestamp`.

skills\dotnet\architecture\solutions\🧩validated\solution-entity-edit-timestamp.skill\solution-entity-edit-timestamp.skill.md [# Rules / MUST]
  A: - [[./Implementation/App.Infrastructure.csproj.extend.md#MUST|App.Infrastructure.csproj.ex
  B: - [[./Implementation/App.Infrastructure.csproj.extend/AppDbContext.cs.extend.md#MUST|AppDb

skills\dotnet\architecture\solutions\🧩validated\solution-entity-edit-timestamp.skill\solution-entity-edit-timestamp.skill.md [# Rules / MUST]
  A: - [[./Implementation/Shared.csproj.extend/ICommandWithTimestamp.cs.create.md#MUST|ICommand
  B: - [[./Implementation/Shared.csproj.extend/ICreationInfoModel.cs.create.md#MUST|ICreationIn

skills\dotnet\architecture\solutions\🧩validated\solution-entity-edit-timestamp.skill\solution-entity-edit-timestamp.skill.md [# Rules / MUST]
  A: - [[./Implementation/Shared.csproj.extend/ICommandWithTimestamp.cs.create.md#MUST|ICommand
  B: - [[./Implementation/Shared.csproj.extend/ICreationInfoModelReadOnly.cs.create.md#MUST|ICr

skills\dotnet\architecture\solutions\🧩validated\solution-entity-edit-timestamp.skill\solution-entity-edit-timestamp.skill.md [# Rules / MUST]
  A: - [[./Implementation/Shared.csproj.extend/ICommandWithTimestamp.cs.create.md#MUST|ICommand
  B: - [[./Implementation/Shared.csproj.extend/IUpdateInfoModel.cs.create.md#MUST|IUpdateInfoMo

skills\dotnet\architecture\solutions\🧩validated\solution-entity-edit-timestamp.skill\solution-entity-edit-timestamp.skill.md [# Rules / MUST]
  A: - [[./Implementation/Shared.csproj.extend/ICommandWithTimestamp.cs.create.md#MUST|ICommand
  B: - [[./Implementation/Shared.csproj.extend/IUpdateInfoModelReadOnly.cs.create.md#MUST|IUpda

skills\dotnet\architecture\solutions\🧩validated\solution-entity-edit-timestamp.skill\solution-entity-edit-timestamp.skill.md [# Rules / MUST]
  A: - [[./Implementation/Shared.csproj.extend/ICreationInfoModel.cs.create.md#MUST|ICreationIn
  B: - [[./Implementation/Shared.csproj.extend/ICreationInfoModelReadOnly.cs.create.md#MUST|ICr

skills\dotnet\architecture\solutions\🧩validated\solution-entity-edit-timestamp.skill\solution-entity-edit-timestamp.skill.md [# Rules / MUST]
  A: - [[./Implementation/Shared.csproj.extend/ICreationInfoModel.cs.create.md#MUST|ICreationIn
  B: - [[./Implementation/Shared.csproj.extend/IUpdateInfoModel.cs.create.md#MUST|IUpdateInfoMo

skills\dotnet\architecture\solutions\🧩validated\solution-entity-edit-timestamp.skill\solution-entity-edit-timestamp.skill.md [# Rules / MUST]
  A: - [[./Implementation/Shared.csproj.extend/ICreationInfoModel.cs.create.md#MUST|ICreationIn
  B: - [[./Implementation/Shared.csproj.extend/IUpdateInfoModelReadOnly.cs.create.md#MUST|IUpda

skills\dotnet\architecture\solutions\🧩validated\solution-entity-edit-timestamp.skill\solution-entity-edit-timestamp.skill.md [# Rules / MUST]
  A: - [[./Implementation/Shared.csproj.extend/ICreationInfoModelReadOnly.cs.create.md#MUST|ICr
  B: - [[./Implementation/Shared.csproj.extend/IUpdateInfoModel.cs.create.md#MUST|IUpdateInfoMo

skills\dotnet\architecture\solutions\🧩validated\solution-entity-edit-timestamp.skill\solution-entity-edit-timestamp.skill.md [# Rules / MUST]
  A: - [[./Implementation/Shared.csproj.extend/ICreationInfoModelReadOnly.cs.create.md#MUST|ICr
  B: - [[./Implementation/Shared.csproj.extend/IUpdateInfoModelReadOnly.cs.create.md#MUST|IUpda

skills\dotnet\architecture\solutions\🧩validated\solution-entity-edit-timestamp.skill\solution-entity-edit-timestamp.skill.md [# Rules / MUST]
  A: - [[./Implementation/Shared.csproj.extend/IUpdateInfoModel.cs.create.md#MUST|IUpdateInfoMo
  B: - [[./Implementation/Shared.csproj.extend/IUpdateInfoModelReadOnly.cs.create.md#MUST|IUpda

skills\dotnet\architecture\solutions\🧩validated\solution-entity-edit-timestamp.skill\solution-entity-edit-timestamp.skill.md [# Rules / MUST]
  A: - [[./Implementation/{Module}.Application.csproj.extend.md#MUST|{Module}.Application.cspro
  B: - [[./Implementation/{Module}.Application.csproj.extend/{FeatureName}.Handler.cs.extend.md

skills\dotnet\architecture\solutions\🧩validated\solution-entity-edit-timestamp.skill\solution-entity-edit-timestamp.skill.md [# Rules / MUST]
  A: - [[./Implementation/{Module}.Application.csproj.extend.md#MUST|{Module}.Application.cspro
  B: - [[./Implementation/{Module}.Application.csproj.extend/{FeatureName}.Validator.cs.extend.

skills\dotnet\architecture\solutions\🧩validated\solution-entity-edit-timestamp.skill\solution-entity-edit-timestamp.skill.md [# Rules / MUST]
  A: - [[./Implementation/{Module}.Application.csproj.extend.md#MUST|{Module}.Application.cspro
  B: - [[./Implementation/{Module}.Domain.csproj.extend.md#MUST|{Module}.Domain.csproj.extend]]

skills\dotnet\architecture\solutions\🧩validated\solution-entity-edit-timestamp.skill\solution-entity-edit-timestamp.skill.md [# Rules / MUST]
  A: - [[./Implementation/{Module}.Application.csproj.extend.md#MUST|{Module}.Application.cspro
  B: - [[./Implementation/{Module}.Domain.csproj.extend/{EntityName}.cs.extend.md#MUST|{EntityN

skills\dotnet\architecture\solutions\🧩validated\solution-entity-edit-timestamp.skill\solution-entity-edit-timestamp.skill.md [# Rules / MUST]
  A: - [[./Implementation/{Module}.Application.csproj.extend.md#MUST|{Module}.Application.cspro
  B: - [[./Implementation/{Module}.Domain.csproj.extend/{EntityName}Config.cs.extend.md#MUST|{E

skills\dotnet\architecture\solutions\🧩validated\solution-entity-edit-timestamp.skill\solution-entity-edit-timestamp.skill.md [# Rules / MUST]
  A: - [[./Implementation/{Module}.Application.csproj.extend.md#MUST|{Module}.Application.cspro
  B: - [[./Implementation/{Module}.Interfaces.csproj.extend.md#MUST|{Module}.Interfaces.csproj.

skills\dotnet\architecture\solutions\🧩validated\solution-entity-edit-timestamp.skill\solution-entity-edit-timestamp.skill.md [# Rules / MUST]
  A: - [[./Implementation/{Module}.Application.csproj.extend.md#MUST|{Module}.Application.cspro
  B: - [[./Implementation/{Module}.Interfaces.csproj.extend/{Command}.cs.extend.md#MUST|{Comman

skills\dotnet\architecture\solutions\🧩validated\solution-entity-edit-timestamp.skill\solution-entity-edit-timestamp.skill.md [# Rules / MUST]
  A: - [[./Implementation/{Module}.Application.csproj.extend/{FeatureName}.Handler.cs.extend.md
  B: - [[./Implementation/{Module}.Application.csproj.extend/{FeatureName}.Validator.cs.extend.

skills\dotnet\architecture\solutions\🧩validated\solution-entity-edit-timestamp.skill\solution-entity-edit-timestamp.skill.md [# Rules / MUST]
  A: - [[./Implementation/{Module}.Application.csproj.extend/{FeatureName}.Handler.cs.extend.md
  B: - [[./Implementation/{Module}.Domain.csproj.extend.md#MUST|{Module}.Domain.csproj.extend]]

skills\dotnet\architecture\solutions\🧩validated\solution-entity-edit-timestamp.skill\solution-entity-edit-timestamp.skill.md [# Rules / MUST]
  A: - [[./Implementation/{Module}.Application.csproj.extend/{FeatureName}.Handler.cs.extend.md
  B: - [[./Implementation/{Module}.Domain.csproj.extend/{EntityName}.cs.extend.md#MUST|{EntityN

skills\dotnet\architecture\solutions\🧩validated\solution-entity-edit-timestamp.skill\solution-entity-edit-timestamp.skill.md [# Rules / MUST]
  A: - [[./Implementation/{Module}.Application.csproj.extend/{FeatureName}.Handler.cs.extend.md
  B: - [[./Implementation/{Module}.Domain.csproj.extend/{EntityName}Config.cs.extend.md#MUST|{E

skills\dotnet\architecture\solutions\🧩validated\solution-entity-edit-timestamp.skill\solution-entity-edit-timestamp.skill.md [# Rules / MUST]
  A: - [[./Implementation/{Module}.Application.csproj.extend/{FeatureName}.Handler.cs.extend.md
  B: - [[./Implementation/{Module}.Interfaces.csproj.extend.md#MUST|{Module}.Interfaces.csproj.

skills\dotnet\architecture\solutions\🧩validated\solution-entity-edit-timestamp.skill\solution-entity-edit-timestamp.skill.md [# Rules / MUST]
  A: - [[./Implementation/{Module}.Application.csproj.extend/{FeatureName}.Handler.cs.extend.md
  B: - [[./Implementation/{Module}.Interfaces.csproj.extend/{Command}.cs.extend.md#MUST|{Comman

skills\dotnet\architecture\solutions\🧩validated\solution-entity-edit-timestamp.skill\solution-entity-edit-timestamp.skill.md [# Rules / MUST]
  A: - [[./Implementation/{Module}.Application.csproj.extend/{FeatureName}.Validator.cs.extend.
  B: - [[./Implementation/{Module}.Domain.csproj.extend.md#MUST|{Module}.Domain.csproj.extend]]

skills\dotnet\architecture\solutions\🧩validated\solution-entity-edit-timestamp.skill\solution-entity-edit-timestamp.skill.md [# Rules / MUST]
  A: - [[./Implementation/{Module}.Application.csproj.extend/{FeatureName}.Validator.cs.extend.
  B: - [[./Implementation/{Module}.Domain.csproj.extend/{EntityName}.cs.extend.md#MUST|{EntityN

skills\dotnet\architecture\solutions\🧩validated\solution-entity-edit-timestamp.skill\solution-entity-edit-timestamp.skill.md [# Rules / MUST]
  A: - [[./Implementation/{Module}.Application.csproj.extend/{FeatureName}.Validator.cs.extend.
  B: - [[./Implementation/{Module}.Domain.csproj.extend/{EntityName}Config.cs.extend.md#MUST|{E

skills\dotnet\architecture\solutions\🧩validated\solution-entity-edit-timestamp.skill\solution-entity-edit-timestamp.skill.md [# Rules / MUST]
  A: - [[./Implementation/{Module}.Application.csproj.extend/{FeatureName}.Validator.cs.extend.
  B: - [[./Implementation/{Module}.Interfaces.csproj.extend.md#MUST|{Module}.Interfaces.csproj.

skills\dotnet\architecture\solutions\🧩validated\solution-entity-edit-timestamp.skill\solution-entity-edit-timestamp.skill.md [# Rules / MUST]
  A: - [[./Implementation/{Module}.Application.csproj.extend/{FeatureName}.Validator.cs.extend.
  B: - [[./Implementation/{Module}.Interfaces.csproj.extend/{Command}.cs.extend.md#MUST|{Comman

skills\dotnet\architecture\solutions\🧩validated\solution-entity-edit-timestamp.skill\solution-entity-edit-timestamp.skill.md [# Rules / MUST]
  A: - [[./Implementation/{Module}.Domain.csproj.extend.md#MUST|{Module}.Domain.csproj.extend]]
  B: - [[./Implementation/{Module}.Domain.csproj.extend/{EntityName}.cs.extend.md#MUST|{EntityN

skills\dotnet\architecture\solutions\🧩validated\solution-entity-edit-timestamp.skill\solution-entity-edit-timestamp.skill.md [# Rules / MUST]
  A: - [[./Implementation/{Module}.Domain.csproj.extend.md#MUST|{Module}.Domain.csproj.extend]]
  B: - [[./Implementation/{Module}.Domain.csproj.extend/{EntityName}Config.cs.extend.md#MUST|{E

skills\dotnet\architecture\solutions\🧩validated\solution-entity-edit-timestamp.skill\solution-entity-edit-timestamp.skill.md [# Rules / MUST]
  A: - [[./Implementation/{Module}.Domain.csproj.extend.md#MUST|{Module}.Domain.csproj.extend]]
  B: - [[./Implementation/{Module}.Interfaces.csproj.extend.md#MUST|{Module}.Interfaces.csproj.

skills\dotnet\architecture\solutions\🧩validated\solution-entity-edit-timestamp.skill\solution-entity-edit-timestamp.skill.md [# Rules / MUST]
  A: - [[./Implementation/{Module}.Domain.csproj.extend.md#MUST|{Module}.Domain.csproj.extend]]
  B: - [[./Implementation/{Module}.Interfaces.csproj.extend/{Command}.cs.extend.md#MUST|{Comman

skills\dotnet\architecture\solutions\🧩validated\solution-entity-edit-timestamp.skill\solution-entity-edit-timestamp.skill.md [# Rules / MUST]
  A: - [[./Implementation/{Module}.Domain.csproj.extend/{EntityName}.cs.extend.md#MUST|{EntityN
  B: - [[./Implementation/{Module}.Domain.csproj.extend/{EntityName}Config.cs.extend.md#MUST|{E

skills\dotnet\architecture\solutions\🧩validated\solution-entity-edit-timestamp.skill\solution-entity-edit-timestamp.skill.md [# Rules / MUST]
  A: - [[./Implementation/{Module}.Domain.csproj.extend/{EntityName}.cs.extend.md#MUST|{EntityN
  B: - [[./Implementation/{Module}.Interfaces.csproj.extend.md#MUST|{Module}.Interfaces.csproj.

skills\dotnet\architecture\solutions\🧩validated\solution-entity-edit-timestamp.skill\solution-entity-edit-timestamp.skill.md [# Rules / MUST]
  A: - [[./Implementation/{Module}.Domain.csproj.extend/{EntityName}.cs.extend.md#MUST|{EntityN
  B: - [[./Implementation/{Module}.Interfaces.csproj.extend/{Command}.cs.extend.md#MUST|{Comman

skills\dotnet\architecture\solutions\🧩validated\solution-entity-edit-timestamp.skill\solution-entity-edit-timestamp.skill.md [# Rules / MUST]
  A: - [[./Implementation/{Module}.Domain.csproj.extend/{EntityName}Config.cs.extend.md#MUST|{E
  B: - [[./Implementation/{Module}.Interfaces.csproj.extend.md#MUST|{Module}.Interfaces.csproj.

skills\dotnet\architecture\solutions\🧩validated\solution-entity-edit-timestamp.skill\solution-entity-edit-timestamp.skill.md [# Rules / MUST]
  A: - [[./Implementation/{Module}.Domain.csproj.extend/{EntityName}Config.cs.extend.md#MUST|{E
  B: - [[./Implementation/{Module}.Interfaces.csproj.extend/{Command}.cs.extend.md#MUST|{Comman

skills\dotnet\architecture\solutions\🧩validated\solution-entity-edit-timestamp.skill\solution-entity-edit-timestamp.skill.md [# Rules / MUST]
  A: - [[./Implementation/{Module}.Interfaces.csproj.extend.md#MUST|{Module}.Interfaces.csproj.
  B: - [[./Implementation/{Module}.Interfaces.csproj.extend/{Command}.cs.extend.md#MUST|{Comman

skills\dotnet\architecture\solutions\🧩validated\solution-entity-edit-timestamp.skill\solution-entity-edit-timestamp.skill.md [# Rules / MUST NOT]
  A: - [[./Implementation/App.Infrastructure.csproj.extend.md#MUST NOT|App.Infrastructure.cspro
  B: - [[./Implementation/App.Infrastructure.csproj.extend/AppDbContext.cs.extend.md#MUST NOT|A

skills\dotnet\architecture\solutions\🧩validated\solution-entity-edit-timestamp.skill\solution-entity-edit-timestamp.skill.md [# Rules / MUST NOT]
  A: - [[./Implementation/Shared.csproj.extend/ICommandWithTimestamp.cs.create.md#MUST NOT|ICom
  B: - [[./Implementation/Shared.csproj.extend/ICreationInfoModel.cs.create.md#MUST NOT|ICreati

skills\dotnet\architecture\solutions\🧩validated\solution-entity-edit-timestamp.skill\solution-entity-edit-timestamp.skill.md [# Rules / MUST NOT]
  A: - [[./Implementation/Shared.csproj.extend/ICommandWithTimestamp.cs.create.md#MUST NOT|ICom
  B: - [[./Implementation/Shared.csproj.extend/ICreationInfoModelReadOnly.cs.create.md#MUST NOT

skills\dotnet\architecture\solutions\🧩validated\solution-entity-edit-timestamp.skill\solution-entity-edit-timestamp.skill.md [# Rules / MUST NOT]
  A: - [[./Implementation/Shared.csproj.extend/ICommandWithTimestamp.cs.create.md#MUST NOT|ICom
  B: - [[./Implementation/Shared.csproj.extend/IUpdateInfoModel.cs.create.md#MUST NOT|IUpdateIn

skills\dotnet\architecture\solutions\🧩validated\solution-entity-edit-timestamp.skill\solution-entity-edit-timestamp.skill.md [# Rules / MUST NOT]
  A: - [[./Implementation/Shared.csproj.extend/ICommandWithTimestamp.cs.create.md#MUST NOT|ICom
  B: - [[./Implementation/Shared.csproj.extend/IUpdateInfoModelReadOnly.cs.create.md#MUST NOT|I

skills\dotnet\architecture\solutions\🧩validated\solution-entity-edit-timestamp.skill\solution-entity-edit-timestamp.skill.md [# Rules / MUST NOT]
  A: - [[./Implementation/Shared.csproj.extend/ICreationInfoModel.cs.create.md#MUST NOT|ICreati
  B: - [[./Implementation/Shared.csproj.extend/ICreationInfoModelReadOnly.cs.create.md#MUST NOT

skills\dotnet\architecture\solutions\🧩validated\solution-entity-edit-timestamp.skill\solution-entity-edit-timestamp.skill.md [# Rules / MUST NOT]
  A: - [[./Implementation/Shared.csproj.extend/ICreationInfoModel.cs.create.md#MUST NOT|ICreati
  B: - [[./Implementation/Shared.csproj.extend/IUpdateInfoModel.cs.create.md#MUST NOT|IUpdateIn

skills\dotnet\architecture\solutions\🧩validated\solution-entity-edit-timestamp.skill\solution-entity-edit-timestamp.skill.md [# Rules / MUST NOT]
  A: - [[./Implementation/Shared.csproj.extend/ICreationInfoModel.cs.create.md#MUST NOT|ICreati
  B: - [[./Implementation/Shared.csproj.extend/IUpdateInfoModelReadOnly.cs.create.md#MUST NOT|I

skills\dotnet\architecture\solutions\🧩validated\solution-entity-edit-timestamp.skill\solution-entity-edit-timestamp.skill.md [# Rules / MUST NOT]
  A: - [[./Implementation/Shared.csproj.extend/ICreationInfoModelReadOnly.cs.create.md#MUST NOT
  B: - [[./Implementation/Shared.csproj.extend/IUpdateInfoModel.cs.create.md#MUST NOT|IUpdateIn

skills\dotnet\architecture\solutions\🧩validated\solution-entity-edit-timestamp.skill\solution-entity-edit-timestamp.skill.md [# Rules / MUST NOT]
  A: - [[./Implementation/Shared.csproj.extend/ICreationInfoModelReadOnly.cs.create.md#MUST NOT
  B: - [[./Implementation/Shared.csproj.extend/IUpdateInfoModelReadOnly.cs.create.md#MUST NOT|I

skills\dotnet\architecture\solutions\🧩validated\solution-entity-edit-timestamp.skill\solution-entity-edit-timestamp.skill.md [# Rules / MUST NOT]
  A: - [[./Implementation/Shared.csproj.extend/IUpdateInfoModel.cs.create.md#MUST NOT|IUpdateIn
  B: - [[./Implementation/Shared.csproj.extend/IUpdateInfoModelReadOnly.cs.create.md#MUST NOT|I

skills\dotnet\architecture\solutions\🧩validated\solution-entity-edit-timestamp.skill\solution-entity-edit-timestamp.skill.md [# Rules / MUST NOT]
  A: - [[./Implementation/{Module}.Application.csproj.extend.md#MUST NOT|{Module}.Application.c
  B: - [[./Implementation/{Module}.Application.csproj.extend/{FeatureName}.Handler.cs.extend.md

skills\dotnet\architecture\solutions\🧩validated\solution-entity-edit-timestamp.skill\solution-entity-edit-timestamp.skill.md [# Rules / MUST NOT]
  A: - [[./Implementation/{Module}.Application.csproj.extend.md#MUST NOT|{Module}.Application.c
  B: - [[./Implementation/{Module}.Application.csproj.extend/{FeatureName}.Validator.cs.extend.

skills\dotnet\architecture\solutions\🧩validated\solution-entity-edit-timestamp.skill\solution-entity-edit-timestamp.skill.md [# Rules / MUST NOT]
  A: - [[./Implementation/{Module}.Application.csproj.extend.md#MUST NOT|{Module}.Application.c
  B: - [[./Implementation/{Module}.Domain.csproj.extend.md#MUST NOT|{Module}.Domain.csproj.exte

skills\dotnet\architecture\solutions\🧩validated\solution-entity-edit-timestamp.skill\solution-entity-edit-timestamp.skill.md [# Rules / MUST NOT]
  A: - [[./Implementation/{Module}.Application.csproj.extend.md#MUST NOT|{Module}.Application.c
  B: - [[./Implementation/{Module}.Domain.csproj.extend/{EntityName}.cs.extend.md#MUST NOT|{Ent

skills\dotnet\architecture\solutions\🧩validated\solution-entity-edit-timestamp.skill\solution-entity-edit-timestamp.skill.md [# Rules / MUST NOT]
  A: - [[./Implementation/{Module}.Application.csproj.extend.md#MUST NOT|{Module}.Application.c
  B: - [[./Implementation/{Module}.Domain.csproj.extend/{EntityName}Config.cs.extend.md#MUST NO

skills\dotnet\architecture\solutions\🧩validated\solution-entity-edit-timestamp.skill\solution-entity-edit-timestamp.skill.md [# Rules / MUST NOT]
  A: - [[./Implementation/{Module}.Application.csproj.extend.md#MUST NOT|{Module}.Application.c
  B: - [[./Implementation/{Module}.Interfaces.csproj.extend.md#MUST NOT|{Module}.Interfaces.csp

skills\dotnet\architecture\solutions\🧩validated\solution-entity-edit-timestamp.skill\solution-entity-edit-timestamp.skill.md [# Rules / MUST NOT]
  A: - [[./Implementation/{Module}.Application.csproj.extend.md#MUST NOT|{Module}.Application.c
  B: - [[./Implementation/{Module}.Interfaces.csproj.extend/{Command}.cs.extend.md#MUST NOT|{Co

skills\dotnet\architecture\solutions\🧩validated\solution-entity-edit-timestamp.skill\solution-entity-edit-timestamp.skill.md [# Rules / MUST NOT]
  A: - [[./Implementation/{Module}.Application.csproj.extend/{FeatureName}.Handler.cs.extend.md
  B: - [[./Implementation/{Module}.Application.csproj.extend/{FeatureName}.Validator.cs.extend.

skills\dotnet\architecture\solutions\🧩validated\solution-entity-edit-timestamp.skill\solution-entity-edit-timestamp.skill.md [# Rules / MUST NOT]
  A: - [[./Implementation/{Module}.Application.csproj.extend/{FeatureName}.Handler.cs.extend.md
  B: - [[./Implementation/{Module}.Domain.csproj.extend.md#MUST NOT|{Module}.Domain.csproj.exte

skills\dotnet\architecture\solutions\🧩validated\solution-entity-edit-timestamp.skill\solution-entity-edit-timestamp.skill.md [# Rules / MUST NOT]
  A: - [[./Implementation/{Module}.Application.csproj.extend/{FeatureName}.Handler.cs.extend.md
  B: - [[./Implementation/{Module}.Domain.csproj.extend/{EntityName}.cs.extend.md#MUST NOT|{Ent

skills\dotnet\architecture\solutions\🧩validated\solution-entity-edit-timestamp.skill\solution-entity-edit-timestamp.skill.md [# Rules / MUST NOT]
  A: - [[./Implementation/{Module}.Application.csproj.extend/{FeatureName}.Handler.cs.extend.md
  B: - [[./Implementation/{Module}.Domain.csproj.extend/{EntityName}Config.cs.extend.md#MUST NO

skills\dotnet\architecture\solutions\🧩validated\solution-entity-edit-timestamp.skill\solution-entity-edit-timestamp.skill.md [# Rules / MUST NOT]
  A: - [[./Implementation/{Module}.Application.csproj.extend/{FeatureName}.Handler.cs.extend.md
  B: - [[./Implementation/{Module}.Interfaces.csproj.extend.md#MUST NOT|{Module}.Interfaces.csp

skills\dotnet\architecture\solutions\🧩validated\solution-entity-edit-timestamp.skill\solution-entity-edit-timestamp.skill.md [# Rules / MUST NOT]
  A: - [[./Implementation/{Module}.Application.csproj.extend/{FeatureName}.Handler.cs.extend.md
  B: - [[./Implementation/{Module}.Interfaces.csproj.extend/{Command}.cs.extend.md#MUST NOT|{Co

skills\dotnet\architecture\solutions\🧩validated\solution-entity-edit-timestamp.skill\solution-entity-edit-timestamp.skill.md [# Rules / MUST NOT]
  A: - [[./Implementation/{Module}.Application.csproj.extend/{FeatureName}.Validator.cs.extend.
  B: - [[./Implementation/{Module}.Domain.csproj.extend.md#MUST NOT|{Module}.Domain.csproj.exte

skills\dotnet\architecture\solutions\🧩validated\solution-entity-edit-timestamp.skill\solution-entity-edit-timestamp.skill.md [# Rules / MUST NOT]
  A: - [[./Implementation/{Module}.Application.csproj.extend/{FeatureName}.Validator.cs.extend.
  B: - [[./Implementation/{Module}.Domain.csproj.extend/{EntityName}.cs.extend.md#MUST NOT|{Ent

skills\dotnet\architecture\solutions\🧩validated\solution-entity-edit-timestamp.skill\solution-entity-edit-timestamp.skill.md [# Rules / MUST NOT]
  A: - [[./Implementation/{Module}.Application.csproj.extend/{FeatureName}.Validator.cs.extend.
  B: - [[./Implementation/{Module}.Domain.csproj.extend/{EntityName}Config.cs.extend.md#MUST NO

skills\dotnet\architecture\solutions\🧩validated\solution-entity-edit-timestamp.skill\solution-entity-edit-timestamp.skill.md [# Rules / MUST NOT]
  A: - [[./Implementation/{Module}.Application.csproj.extend/{FeatureName}.Validator.cs.extend.
  B: - [[./Implementation/{Module}.Interfaces.csproj.extend.md#MUST NOT|{Module}.Interfaces.csp

skills\dotnet\architecture\solutions\🧩validated\solution-entity-edit-timestamp.skill\solution-entity-edit-timestamp.skill.md [# Rules / MUST NOT]
  A: - [[./Implementation/{Module}.Application.csproj.extend/{FeatureName}.Validator.cs.extend.
  B: - [[./Implementation/{Module}.Interfaces.csproj.extend/{Command}.cs.extend.md#MUST NOT|{Co

skills\dotnet\architecture\solutions\🧩validated\solution-entity-edit-timestamp.skill\solution-entity-edit-timestamp.skill.md [# Rules / MUST NOT]
  A: - [[./Implementation/{Module}.Domain.csproj.extend.md#MUST NOT|{Module}.Domain.csproj.exte
  B: - [[./Implementation/{Module}.Domain.csproj.extend/{EntityName}.cs.extend.md#MUST NOT|{Ent

skills\dotnet\architecture\solutions\🧩validated\solution-entity-edit-timestamp.skill\solution-entity-edit-timestamp.skill.md [# Rules / MUST NOT]
  A: - [[./Implementation/{Module}.Domain.csproj.extend.md#MUST NOT|{Module}.Domain.csproj.exte
  B: - [[./Implementation/{Module}.Domain.csproj.extend/{EntityName}Config.cs.extend.md#MUST NO

skills\dotnet\architecture\solutions\🧩validated\solution-entity-edit-timestamp.skill\solution-entity-edit-timestamp.skill.md [# Rules / MUST NOT]
  A: - [[./Implementation/{Module}.Domain.csproj.extend.md#MUST NOT|{Module}.Domain.csproj.exte
  B: - [[./Implementation/{Module}.Interfaces.csproj.extend.md#MUST NOT|{Module}.Interfaces.csp

skills\dotnet\architecture\solutions\🧩validated\solution-entity-edit-timestamp.skill\solution-entity-edit-timestamp.skill.md [# Rules / MUST NOT]
  A: - [[./Implementation/{Module}.Domain.csproj.extend.md#MUST NOT|{Module}.Domain.csproj.exte
  B: - [[./Implementation/{Module}.Interfaces.csproj.extend/{Command}.cs.extend.md#MUST NOT|{Co

skills\dotnet\architecture\solutions\🧩validated\solution-entity-edit-timestamp.skill\solution-entity-edit-timestamp.skill.md [# Rules / MUST NOT]
  A: - [[./Implementation/{Module}.Domain.csproj.extend/{EntityName}.cs.extend.md#MUST NOT|{Ent
  B: - [[./Implementation/{Module}.Domain.csproj.extend/{EntityName}Config.cs.extend.md#MUST NO

skills\dotnet\architecture\solutions\🧩validated\solution-entity-edit-timestamp.skill\solution-entity-edit-timestamp.skill.md [# Rules / MUST NOT]
  A: - [[./Implementation/{Module}.Domain.csproj.extend/{EntityName}.cs.extend.md#MUST NOT|{Ent
  B: - [[./Implementation/{Module}.Interfaces.csproj.extend.md#MUST NOT|{Module}.Interfaces.csp

skills\dotnet\architecture\solutions\🧩validated\solution-entity-edit-timestamp.skill\solution-entity-edit-timestamp.skill.md [# Rules / MUST NOT]
  A: - [[./Implementation/{Module}.Domain.csproj.extend/{EntityName}.cs.extend.md#MUST NOT|{Ent
  B: - [[./Implementation/{Module}.Interfaces.csproj.extend/{Command}.cs.extend.md#MUST NOT|{Co

skills\dotnet\architecture\solutions\🧩validated\solution-entity-edit-timestamp.skill\solution-entity-edit-timestamp.skill.md [# Rules / MUST NOT]
  A: - [[./Implementation/{Module}.Domain.csproj.extend/{EntityName}Config.cs.extend.md#MUST NO
  B: - [[./Implementation/{Module}.Interfaces.csproj.extend.md#MUST NOT|{Module}.Interfaces.csp

skills\dotnet\architecture\solutions\🧩validated\solution-entity-edit-timestamp.skill\solution-entity-edit-timestamp.skill.md [# Rules / MUST NOT]
  A: - [[./Implementation/{Module}.Domain.csproj.extend/{EntityName}Config.cs.extend.md#MUST NO
  B: - [[./Implementation/{Module}.Interfaces.csproj.extend/{Command}.cs.extend.md#MUST NOT|{Co

skills\dotnet\architecture\solutions\🧩validated\solution-entity-edit-timestamp.skill\solution-entity-edit-timestamp.skill.md [# Rules / MUST NOT]
  A: - [[./Implementation/{Module}.Interfaces.csproj.extend.md#MUST NOT|{Module}.Interfaces.csp
  B: - [[./Implementation/{Module}.Interfaces.csproj.extend/{Command}.cs.extend.md#MUST NOT|{Co

skills\dotnet\architecture\solutions\🧩validated\solution-entity-edit-timestamp.skill\solution-entity-edit-timestamp.skill.md [# Rules / MUST NOT]
  A: - [ ] Create handler for mutable entity sets `UserCreatedDateTime` and `UserUpdatedDateTim
  B: - [ ] Create handler for `External Immutable` sets only `UserCreatedDateTime`.

skills\dotnet\architecture\solutions\🧩validated\solution-entity-edit-timestamp.skill\solution-entity-edit-timestamp.skill.md [# Rules / MUST NOT]
  A: - [ ] `OnBeforeSaving` sets `ServerCreatedDateTime` for `Added` `ICreationInfoModel` entri
  B: - [ ] `OnBeforeSaving` sets `ServerUpdatedDateTime` for `Added`/`Modified` `IUpdateInfoMod

skills\dotnet\architecture\solutions\🧩validated\solution-external-created-entity.skill\Implementation\BuildingBlocks.csproj.extend\GuidResolvingBehavior.cs.create.md [# Rule changes / MUST]
  A: - Constrained to `where TRequest : IHasGuid`
  B: - `GuidResolvingBehavior` constrained to `where TRequest : IHasGuid`

skills\dotnet\architecture\solutions\🧩validated\solution-external-created-entity.skill\Implementation\BuildingBlocks.csproj.extend\GuidResolvingBehavior.cs.create.md [# Rule changes / MUST]
  A: - Return the resolver's result when it returns non-null — never throw
  B: - `GuidResolvingBehavior` returns the resolver's result when it returns non-null — never t

skills\dotnet\architecture\solutions\🧩validated\solution-external-created-entity.skill\Implementation\BuildingBlocks.csproj.extend\GuidResolvingBehavior.cs.create.md [# Rule changes / MUST NOT]
  A: - Call `SaveChangesAsync`
  B: - [ ] WHEN applied THEN Does not call SaveChangesAsync — purely a read and guard operation

skills\dotnet\architecture\solutions\🧩validated\solution-external-created-entity.skill\Implementation\BuildingBlocks.csproj.extend\GuidResolvingBehavior.cs.create.md [# Rule changes / MUST NOT]
  A: - [ ] `GuidResolvingBehavior` constrained to `where TRequest : IHasGuid`
  B: - [ ] WHEN verified THEN GuidResolvingBehavior constrained to where TRequest : IHasGuid

skills\dotnet\architecture\solutions\🧩validated\solution-external-created-entity.skill\Implementation\BuildingBlocks.csproj.extend\GuidResolvingBehavior.cs.create.md [# Rule changes / MUST NOT]
  A: - [ ] Returns resolver result on duplicate
  B: - [ ] WHEN applied THEN Returns resolver result on duplicate — never throws

skills\dotnet\architecture\solutions\🧩validated\solution-external-created-entity.skill\Implementation\BuildingBlocks.csproj.extend\GuidResolvingBehavior.cs.create.md [# Rule changes / MUST NOT]
  A: - [ ] Returns resolver result on duplicate
  B: - [ ] WHEN verified THEN Returns resolver result on duplicate

skills\dotnet\architecture\solutions\🧩validated\solution-external-created-entity.skill\Implementation\BuildingBlocks.csproj.extend\GuidResolvingBehavior.cs.create.md [# Rule changes / MUST NOT]
  A: - [ ] Passes through when resolver returns null
  B: - [ ] WHEN verified THEN Passes through when resolver returns null

skills\dotnet\architecture\solutions\🧩validated\solution-external-created-entity.skill\Implementation\BuildingBlocks.csproj.extend\GuidResolvingBehavior.cs.create.md [# Rule changes / MUST NOT]
  A: - [ ] Never calls `SaveChangesAsync`
  B: - [ ] WHEN verified THEN Never calls SaveChangesAsync

skills\dotnet\architecture\solutions\🧩validated\solution-external-created-entity.skill\Implementation\BuildingBlocks.csproj.extend\GuidResolvingBehavior.cs.create.md [# Rule changes / MUST NOT]
  A: - [ ] WHEN applied THEN Returns resolver result on duplicate — never throws
  B: - [ ] WHEN verified THEN Returns resolver result on duplicate

skills\dotnet\architecture\solutions\🧩validated\solution-external-created-entity.skill\Implementation\BuildingBlocks.csproj.extend\GuidResolvingBehavior.cs.create.md [# Rule changes / MUST NOT]
  A: - [ ] WHEN verified THEN Returns resolver result on duplicate
  B: - [ ] WHEN verified THEN Passes through when resolver returns null

skills\dotnet\architecture\solutions\🧩validated\solution-external-created-entity.skill\Implementation\BuildingBlocks.csproj.extend.md [# Rules / MUST NOT]
  A: - `IHasGuid` or `IGuidResolver<TResponse>` defined in BuildingBlocks — they are contracts 
  B: - Defining `IHasGuid` or `IGuidResolver<TResponse>` in BuildingBlocks — violates the rule 

skills\dotnet\architecture\solutions\🧩validated\solution-external-created-entity.skill\Implementation\BuildingBlocks.csproj.extend.md [# Rules / MUST NOT]
  A: - `GuidResolvingBehavior` registered as open generic — DI resolves `IGuidResolver<TRespons
  B: - `GuidResolvingBehavior` registered as open generic — breaks DI resolution per command re

skills\dotnet\architecture\solutions\🧩validated\solution-external-created-entity.skill\Implementation\Shared.csproj.extend\ConflictResult.cs.create.md [# Rule changes / MUST]
  A: - Be defined in `Shared/Results/ConflictResult.cs`
  B: - `ConflictResult<T>` defined in `Shared/Results/ConflictResult.cs`

skills\dotnet\architecture\solutions\🧩validated\solution-external-created-entity.skill\Implementation\Shared.csproj.extend\IGuidResolver.cs.create.md [# Rule changes / MUST]
  A: - `TResponse` matches the command's return type exactly — same type as the command's `ICom
  B: - `IGuidResolver<TResponse>` `TResponse` matches the command handler response type exactly

skills\dotnet\architecture\solutions\🧩validated\solution-external-created-entity.skill\Implementation\Shared.csproj.extend\IGuidResolver.cs.create.md [# Rule changes / MUST NOT]
  A: - Return a different response type than the command handler — breaks API contract symmetry
  B: - Resolver returning a response type different from the command handler

skills\dotnet\architecture\solutions\🧩validated\solution-external-created-entity.skill\Implementation\Shared.csproj.extend\IGuidResolver.cs.create.md [# Rule changes / MUST NOT]
  A: - `IGuidResolver` registered as open generic — each entity type registers its own concrete
  B: - [ ] WHEN applied THEN Keep GuidResolvingBehavior generic — each entity type provides its

skills\dotnet\architecture\solutions\🧩validated\solution-external-created-entity.skill\Implementation\Shared.csproj.extend\IGuidResolver.cs.create.md [# Rule changes / MUST NOT]
  A: - [ ] `IGuidResolver<TResponse>` defined in `Shared/Guid/IGuidResolver.cs`
  B: - [ ] WHEN verified THEN IGuidResolver<TResponse> defined in Shared/Guid/IGuidResolver.cs

skills\dotnet\architecture\solutions\🧩validated\solution-external-created-entity.skill\Implementation\Shared.csproj.extend\IGuidResolver.cs.create.md [# Rule changes / MUST NOT]
  A: - [ ] Returns `Task<TResponse?>`
  B: - [ ] WHEN verified THEN Returns Task<TResponse?>

skills\dotnet\architecture\solutions\🧩validated\solution-external-created-entity.skill\Implementation\Shared.csproj.extend\IGuidResolver.cs.create.md [# Rule changes / MUST NOT]
  A: - [ ] `TResponse` matches command handler response type
  B: - [ ] WHEN verified THEN TResponse matches command handler response type

skills\dotnet\architecture\solutions\🧩validated\solution-external-created-entity.skill\Implementation\Shared.csproj.extend\IGuidResolver.cs.create.md [# Rule changes / MUST NOT]
  A: - [ ] WHEN applied THEN Generic on TResponse — matches the command's response type exactly
  B: - [ ] WHEN verified THEN TResponse matches command handler response type

skills\dotnet\architecture\solutions\🧩validated\solution-external-created-entity.skill\Implementation\Shared.csproj.extend\IHasGuid.cs.create.md [# Rule changes / MUST]
  A: - Only create commands for externally-created entities implement `IHasGuid`
  B: - Create commands for external-created entities implement both `ICommand<Result<Create{Ent

skills\dotnet\architecture\solutions\🧩validated\solution-external-created-entity.skill\Implementation\Shared.csproj.extend\IHasGuid.cs.create.md [# Rule changes / MUST NOT]
  A: - Update, delete, or internally-created entity commands implement `IHasGuid`
  B: - Update, delete, or internal-create commands implement `IHasGuid`

skills\dotnet\architecture\solutions\🧩validated\solution-external-created-entity.skill\Implementation\Shared.csproj.extend\IHasGuid.cs.create.md [# Rule changes / MUST NOT]
  A: - Update, delete, or internal-create commands implement `IHasGuid`
  B: - [ ] WHEN applied THEN Not implemented by update, delete, or internal-create commands

skills\dotnet\architecture\solutions\🧩validated\solution-external-created-entity.skill\Implementation\Shared.csproj.extend\IHasGuid.cs.create.md [# Rule changes / MUST NOT]
  A: - [ ] `IHasGuid` defined in `Shared/Guid/IHasGuid.cs`
  B: - [ ] WHEN verified THEN IHasGuid defined in Shared/Guid/IHasGuid.cs

skills\dotnet\architecture\solutions\🧩validated\solution-external-created-entity.skill\Implementation\Shared.csproj.extend\IHasGuid.cs.create.md [# Rule changes / MUST NOT]
  A: - [ ] Only create commands for external-created entities implement it
  B: - [ ] WHEN verified THEN Only create commands for external-created entities implement it

skills\dotnet\architecture\solutions\🧩validated\solution-external-created-entity.skill\Implementation\Shared.csproj.extend\IHasGuid.cs.create.md [# Rule changes / MUST NOT]
  A: - [ ] WHEN applied THEN Implemented by create commands for externally-created entity types
  B: - [ ] WHEN applied THEN Not implemented by update, delete, or internal-create commands

skills\dotnet\architecture\solutions\🧩validated\solution-external-created-entity.skill\Implementation\Shared.csproj.extend\IHasGuid.cs.create.md [# Rule changes / MUST NOT]
  A: - [ ] WHEN applied THEN Implemented by create commands for externally-created entity types
  B: - [ ] WHEN verified THEN Only create commands for external-created entities implement it

skills\dotnet\architecture\solutions\🧩validated\solution-external-created-entity.skill\Implementation\{Module}.Api.csproj.extend\ConflictResultExtensions.cs.create.md [# Rule changes / MUST NOT]
  A: - Allow `Create{Entity}Result` to carry fields beyond the entity Id for external-created e
  B: - `Create{Entity}Result` with fields beyond `Id` for external-created entities — violates 

skills\dotnet\architecture\solutions\🧩validated\solution-external-created-entity.skill\Implementation\{Module}.Api.csproj.extend\ConflictResultExtensions.cs.create.md [# Rule changes / MUST NOT]
  A: - [ ] 409 response body contains the existing `Create{Entity}Result`
  B: - [ ] `Create{Entity}Result` contains only the entity Id

skills\dotnet\architecture\solutions\🧩validated\solution-external-created-entity.skill\Implementation\{Module}.Api.csproj.extend\ConflictResultExtensions.cs.create.md [# Rule changes / MUST NOT]
  A: - [ ] WHEN applied THEN ResultStatus.Created returns 201 with entity result and Location h
  B: - [ ] WHEN applied THEN ConflictResult<Create{Entity}Result> returns 409 with the existing

skills\dotnet\architecture\solutions\🧩validated\solution-external-created-entity.skill\Implementation\{Module}.Api.csproj.extend\ConflictResultExtensions.cs.create.md [# Rule changes / MUST NOT]
  A: - [ ] WHEN applied THEN ResultStatus.Invalid returns 400 ProblemDetails
  B: - [ ] WHEN applied THEN ResultStatus.Error returns 500 ProblemDetails

skills\dotnet\architecture\solutions\🧩validated\solution-external-created-entity.skill\Implementation\{Module}.Api.csproj.extend\ConflictResultExtensions.cs.create.md [# Rule changes / MUST NOT]
  A: - [ ] WHEN applied THEN ResultStatus.Invalid returns 400 ProblemDetails
  B: - [ ] WHEN applied THEN Unexpected ResultStatus throws InvalidOperationException

skills\dotnet\architecture\solutions\🧩validated\solution-external-created-entity.skill\Implementation\{Module}.Api.csproj.extend\ConflictResultExtensions.cs.create.md [# Rule changes / MUST NOT]
  A: - [ ] WHEN applied THEN ResultStatus.Error returns 500 ProblemDetails
  B: - [ ] WHEN applied THEN Unexpected ResultStatus throws InvalidOperationException

skills\dotnet\architecture\solutions\🧩validated\solution-external-created-entity.skill\Implementation\{Module}.Application.csproj.extend\Create{Entity}GuidResolver.cs.create.md [# Rule changes / MUST NOT]
  A: - Throw exceptions — null signals not found, non-null signals exists
  B: - Resolver throw exceptions — null means not found, non-null means exists

skills\dotnet\architecture\solutions\🧩validated\solution-external-created-entity.skill\Implementation\{Module}.Application.csproj.extend\Create{Entity}GuidResolver.cs.create.md [# Rule changes / MUST NOT]
  A: - Return a different response type than the command handler
  B: - Resolver returning a response type different from the command handler

skills\dotnet\architecture\solutions\🧩validated\solution-external-created-entity.skill\Implementation\{Module}.Application.csproj.extend\Create{Entity}GuidResolver.cs.create.md [# Rule changes / MUST NOT]
  A: - [ ] Returns null when entity not found
  B: - [ ] Returns `ConflictResult<Create{Entity}Result>` when entity found

skills\dotnet\architecture\solutions\🧩validated\solution-external-created-entity.skill\Implementation\{Module}.Application.csproj.extend\Create{Entity}GuidResolver.cs.create.md [# Rule changes / MUST NOT]
  A: - [ ] Returns null when entity not found
  B: - [ ] WHEN verified THEN Returns null when entity not found

skills\dotnet\architecture\solutions\🧩validated\solution-external-created-entity.skill\Implementation\{Module}.Application.csproj.extend\Create{Entity}GuidResolver.cs.create.md [# Rule changes / MUST NOT]
  A: - [ ] Returns null when entity not found
  B: - [ ] WHEN verified THEN Returns ConflictResult<Create{Entity}Result> when entity found

skills\dotnet\architecture\solutions\🧩validated\solution-external-created-entity.skill\Implementation\{Module}.Application.csproj.extend\Create{Entity}GuidResolver.cs.create.md [# Rule changes / MUST NOT]
  A: - [ ] Returns `ConflictResult<Create{Entity}Result>` when entity found
  B: - [ ] WHEN verified THEN Returns null when entity not found

skills\dotnet\architecture\solutions\🧩validated\solution-external-created-entity.skill\Implementation\{Module}.Application.csproj.extend\Create{Entity}GuidResolver.cs.create.md [# Rule changes / MUST NOT]
  A: - [ ] Returns `ConflictResult<Create{Entity}Result>` when entity found
  B: - [ ] WHEN verified THEN Returns ConflictResult<Create{Entity}Result> when entity found

skills\dotnet\architecture\solutions\🧩validated\solution-external-created-entity.skill\Implementation\{Module}.Application.csproj.extend\Create{Entity}GuidResolver.cs.create.md [# Rule changes / MUST NOT]
  A: - [ ] Uses `IReadRepository<T>` and `{Entity}ByGuidSpec`
  B: - [ ] WHEN verified THEN Uses IReadRepository<T> and {Entity}ByGuidSpec

skills\dotnet\architecture\solutions\🧩validated\solution-external-created-entity.skill\Implementation\{Module}.Application.csproj.extend\Create{Entity}GuidResolver.cs.create.md [# Rule changes / MUST NOT]
  A: - [ ] Response type matches command handler response type
  B: - [ ] WHEN verified THEN Response type matches command handler response type

skills\dotnet\architecture\solutions\🧩validated\solution-external-created-entity.skill\Implementation\{Module}.Application.csproj.extend\Create{Entity}GuidResolver.cs.create.md [# Rule changes / MUST NOT]
  A: - [ ] WHEN applied THEN Return the existing conflict result if found, null if not found
  B: - [ ] WHEN applied THEN Returns null when not found — GuidResolvingBehavior proceeds to ha

skills\dotnet\architecture\solutions\🧩validated\solution-external-created-entity.skill\Implementation\{Module}.Application.csproj.extend\Create{Entity}GuidResolver.cs.create.md [# Rule changes / MUST NOT]
  A: - [ ] WHEN applied THEN Implements IGuidResolver<Result<Create{Entity}Result>> from Shared
  B: - [ ] WHEN applied THEN Injects IReadRepository<T> from Shared — read-only lookup

skills\dotnet\architecture\solutions\🧩validated\solution-external-created-entity.skill\Implementation\{Module}.Application.csproj.extend\Create{Entity}GuidResolver.cs.create.md [# Rule changes / MUST NOT]
  A: - [ ] WHEN applied THEN Returns null when not found — GuidResolvingBehavior proceeds to ha
  B: - [ ] WHEN verified THEN Returns null when entity not found

skills\dotnet\architecture\solutions\🧩validated\solution-external-created-entity.skill\Implementation\{Module}.Application.csproj.extend\Create{Entity}GuidResolver.cs.create.md [# Rule changes / MUST NOT]
  A: - [ ] WHEN verified THEN Returns null when entity not found
  B: - [ ] WHEN verified THEN Returns ConflictResult<Create{Entity}Result> when entity found

skills\dotnet\architecture\solutions\🧩validated\solution-external-created-entity.skill\Implementation\{Module}.Application.csproj.extend\Create{Entity}GuidResolver.cs.create.md [# Rule changes / MUST NOT]
  A: - [ ] WHEN verified THEN Returns null when entity not found
  B: - [ ] WHEN verified THEN Uses IReadRepository<T> and {Entity}ByGuidSpec

skills\dotnet\architecture\solutions\🧩validated\solution-external-created-entity.skill\Implementation\{Module}.Application.csproj.extend\Create{Entity}GuidResolver.cs.create.md [# Rule changes / MUST NOT]
  A: - [ ] WHEN verified THEN Returns ConflictResult<Create{Entity}Result> when entity found
  B: - [ ] WHEN verified THEN Uses IReadRepository<T> and {Entity}ByGuidSpec

skills\dotnet\architecture\solutions\🧩validated\solution-external-created-entity.skill\Implementation\{Module}.Application.csproj.extend\{Entity}ByGuidSpec.cs.create.md [# Rule changes / MUST]
  A: - Every external-created entity type has a `{Entity}ByGuidSpec` in `/{Module}.Application/
  B: - `{Entity}ByGuidSpec` defined in `/{Module}.Application/Specifications`

skills\dotnet\architecture\solutions\🧩validated\solution-external-created-entity.skill\Implementation\{Module}.Application.csproj.extend\{Entity}ByGuidSpec.cs.create.md [# Rule changes / MUST NOT]
  A: - [ ] `{Entity}ByGuidSpec` in `/{Module}.Application/Specifications`
  B: - [ ] WHEN verified THEN {Entity}ByGuidSpec in /{Module}.Application/Specifications

skills\dotnet\architecture\solutions\🧩validated\solution-external-created-entity.skill\Implementation\{Module}.Application.csproj.extend\{Entity}ByGuidSpec.cs.create.md [# Rule changes / MUST NOT]
  A: - [ ] Filters by `Guid` property only
  B: - [ ] WHEN applied THEN Single-condition spec — filters by Guid property only

skills\dotnet\architecture\solutions\🧩validated\solution-external-created-entity.skill\Implementation\{Module}.Application.csproj.extend\{Entity}ByGuidSpec.cs.create.md [# Rule changes / MUST NOT]
  A: - [ ] Filters by `Guid` property only
  B: - [ ] WHEN verified THEN Filters by Guid property only

skills\dotnet\architecture\solutions\🧩validated\solution-external-created-entity.skill\Implementation\{Module}.Application.csproj.extend\{Entity}ByGuidSpec.cs.create.md [# Rule changes / MUST NOT]
  A: - [ ] WHEN applied THEN Single-condition spec — filters by Guid property only
  B: - [ ] WHEN verified THEN Filters by Guid property only

skills\dotnet\architecture\solutions\🧩validated\solution-external-created-entity.skill\Implementation\{Module}.Application.csproj.extend\{Module}ApplicationRegistration.cs.extend.md [# Rule changes / MUST NOT]
  A: - `IGuidResolver` registered as open generic — breaks DI resolution per command result typ
  B: - `IGuidResolver` registered as open generic — breaks DI resolution per command result typ

skills\dotnet\architecture\solutions\🧩validated\solution-external-created-entity.skill\Implementation\{Module}.Application.csproj.extend\{Module}ApplicationRegistration.cs.extend.md [# Rule changes / MUST NOT]
  A: - [ ] `IGuidResolver<Result<Create{Entity}Result>>` registered as `Scoped`
  B: - [ ] WHEN verified THEN IGuidResolver<Result<Create{Entity}Result>> registered as Scoped

skills\dotnet\architecture\solutions\🧩validated\solution-external-created-entity.skill\Implementation\{Module}.Application.csproj.extend\{Module}ApplicationRegistration.cs.extend.md [# Rule changes / MUST NOT]
  A: - [ ] One registration per external-created entity type
  B: - [ ] WHEN verified THEN One registration per external-created entity type

skills\dotnet\architecture\solutions\🧩validated\solution-external-created-entity.skill\Implementation\{Module}.Application.csproj.extend\{Module}ApplicationRegistration.cs.extend.md [# Rule changes / MUST NOT]
  A: - [ ] `TResponse` matches command handler response type
  B: - [ ] WHEN verified THEN TResponse matches command handler response type

skills\dotnet\architecture\solutions\🧩validated\solution-external-created-entity.skill\Implementation\{Module}.Application.csproj.extend.md [# Rules / SHOULD]
  A: - [ ] `Create{Entity}GuidResolver` in `/{Module}.Application/Resolvers`
  B: - [ ] `{Entity}ByGuidSpec` in `/{Module}.Application/Specifications`

skills\dotnet\architecture\solutions\🧩validated\solution-external-created-entity.skill\Implementation\{Module}.Domain.csproj.extend\{EntityName}.cs.extend.md [# Rule changes / MUST]
  A: - `Guid` declared as `public Guid Guid { get; internal set; }`
  B: - External-created entities have `public Guid Guid { get; internal set; }`

skills\dotnet\architecture\solutions\🧩validated\solution-external-created-entity.skill\Implementation\{Module}.Domain.csproj.extend\{EntityName}.cs.extend.md [# Rule changes / MUST]
  A: - Set exactly once in the entity factory method — never reassigned
  B: - `Guid` set exactly once in the entity factory method — never reassigned

skills\dotnet\architecture\solutions\🧩validated\solution-external-created-entity.skill\Implementation\{Module}.Domain.csproj.extend\{EntityName}.cs.extend.md [# Rule changes / MUST NOT]
  A: - `Guid` used in domain logic, domain events, or as a foreign key in relationships
  B: - Guid used in domain logic, domain events, relationships, or routes after creation

skills\dotnet\architecture\solutions\🧩validated\solution-external-created-entity.skill\Implementation\{Module}.Domain.csproj.extend\{EntityName}.cs.extend.md [# Rule changes / MUST NOT]
  A: - `Guid` used in domain logic, domain events, or as a foreign key in relationships
  B: - [ ] WHEN applied THEN Keep Guid strictly as a correlation handle — never used in domain 

skills\dotnet\architecture\solutions\🧩validated\solution-external-created-entity.skill\Implementation\{Module}.Domain.csproj.extend\{EntityName}.cs.extend.md [# Rule changes / MUST NOT]
  A: - `Guid` reassigned after entity creation
  B: - Guid regenerated or changed after entity creation

skills\dotnet\architecture\solutions\🧩validated\solution-external-created-entity.skill\Implementation\{Module}.Domain.csproj.extend\{EntityName}.cs.extend.md [# Rule changes / MUST NOT]
  A: - [ ] `Guid Guid { get; internal set; }` present on external-created entity
  B: - [ ] WHEN verified THEN Guid Guid { get; internal set; } present on external-created enti

skills\dotnet\architecture\solutions\🧩validated\solution-external-created-entity.skill\Implementation\{Module}.Domain.csproj.extend\{EntityName}.cs.extend.md [# Rule changes / MUST NOT]
  A: - [ ] `Guid` set in factory method
  B: - [ ] WHEN verified THEN Guid set in factory method

skills\dotnet\architecture\solutions\🧩validated\solution-external-created-entity.skill\Implementation\{Module}.Domain.csproj.extend\{EntityName}.cs.extend.md [# Rule changes / MUST NOT]
  A: - [ ] Immutable after creation
  B: - [ ] WHEN verified THEN Immutable after creation

skills\dotnet\architecture\solutions\🧩validated\solution-external-created-entity.skill\Implementation\{Module}.Domain.csproj.extend\{EntityName}Config.cs.extend.md [# Rule changes / MUST NOT]
  A: - [ ] `UX_Guid` constant defined on entity configuration class
  B: - [ ] WHEN verified THEN UX_Guid constant defined on entity configuration class

skills\dotnet\architecture\solutions\🧩validated\solution-external-created-entity.skill\Implementation\{Module}.Domain.csproj.extend\{EntityName}Config.cs.extend.md [# Rule changes / MUST NOT]
  A: - [ ] Unique index on `Guid` configured with `HasDatabaseName(UX_Guid)` and `IsUnique()`
  B: - [ ] WHEN verified THEN Unique index on Guid configured with HasDatabaseName(UX_Guid) and

skills\dotnet\architecture\solutions\🧩validated\solution-external-created-entity.skill\Implementation\{Module}.Domain.csproj.extend.md [# Rules / MUST NOT]
  A: - `Guid` used in domain logic, domain events, or as a foreign key in relationships
  B: - `Guid` used in domain method logic — it is a correlation handle only

skills\dotnet\architecture\solutions\🧩validated\solution-external-created-entity.skill\Implementation\{Module}.Interfaces.csproj.extend\{Command}.cs.extend.md [# Rule changes / MUST]
  A: - `Guid` is the first property on the command record
  B: - `Guid` is first property in create command record

skills\dotnet\architecture\solutions\🧩validated\solution-external-created-entity.skill\Implementation\{Module}.Interfaces.csproj.extend\{Command}.cs.extend.md [# Rule changes / MUST NOT]
  A: - Resolver return a different response type than the command handler
  B: - Resolver response type different from command handler response type — breaks 201/409 sym

skills\dotnet\architecture\solutions\🧩validated\solution-external-created-entity.skill\Implementation\{Module}.Interfaces.csproj.extend\{Command}.cs.extend.md [# Rule changes / MUST NOT]
  A: - Resolver return a different response type than the command handler
  B: - [ ] Resolver response type matches command handler response type

skills\dotnet\architecture\solutions\🧩validated\solution-external-created-entity.skill\Implementation\{Module}.Interfaces.csproj.extend\{Command}.cs.extend.md [# Rule changes / MUST NOT]
  A: - Resolver response type different from command handler response type — breaks 201/409 sym
  B: - [ ] Resolver response type matches command handler response type

skills\dotnet\architecture\solutions\🧩validated\solution-external-created-entity.skill\Implementation\{Module}.Interfaces.csproj.extend\{Command}.cs.extend.md [# Rule changes / MUST NOT]
  A: - [ ] `Guid` is first property in create command record
  B: - [ ] WHEN verified THEN Guid is first property in create command record

skills\dotnet\architecture\solutions\🧩validated\solution-external-created-entity.skill\Implementation\{Module}.Interfaces.csproj.extend\{Command}.cs.extend.md [# Rule changes / MUST NOT]
  A: - [ ] Command implements `ICommand<Result<T>>` and `IHasGuid`
  B: - [ ] WHEN verified THEN Command implements ICommand<Result<T>> and IHasGuid

skills\dotnet\architecture\solutions\🧩validated\solution-external-created-entity.skill\Implementation\{Module}.Interfaces.csproj.extend\{Command}.cs.extend.md [# Rule changes / MUST NOT]
  A: - [ ] WHEN inspected THEN it implement IHasGuid alongside ICommand<Result<T>>
  B: - [ ] WHEN verified THEN Command implements ICommand<Result<T>> and IHasGuid

skills\dotnet\architecture\solutions\🧩validated\solution-external-created-entity.skill\solution-external-created-entity.skill.md [# Rules / MUST]
  A: - [[./Implementation/Shared.csproj.extend/ConflictResult.cs.create.md#MUST|ConflictResult.
  B: - [[./Implementation/Shared.csproj.extend/IGuidResolver.cs.create.md#MUST|IGuidResolver.cs

skills\dotnet\architecture\solutions\🧩validated\solution-external-created-entity.skill\solution-external-created-entity.skill.md [# Rules / MUST]
  A: - [[./Implementation/Shared.csproj.extend/ConflictResult.cs.create.md#MUST|ConflictResult.
  B: - [[./Implementation/Shared.csproj.extend/IHasGuid.cs.create.md#MUST|IHasGuid.cs.create]]

skills\dotnet\architecture\solutions\🧩validated\solution-external-created-entity.skill\solution-external-created-entity.skill.md [# Rules / MUST]
  A: - [[./Implementation/Shared.csproj.extend/IGuidResolver.cs.create.md#MUST|IGuidResolver.cs
  B: - [[./Implementation/Shared.csproj.extend/IHasGuid.cs.create.md#MUST|IHasGuid.cs.create]]

skills\dotnet\architecture\solutions\🧩validated\solution-external-created-entity.skill\solution-external-created-entity.skill.md [# Rules / MUST]
  A: - [[./Implementation/{Module}.Api.csproj.extend.md#MUST|{Module}.Api.csproj.extend]]
  B: - [[./Implementation/{Module}.Api.csproj.extend/ConflictResultExtensions.cs.create.md#MUST

skills\dotnet\architecture\solutions\🧩validated\solution-external-created-entity.skill\solution-external-created-entity.skill.md [# Rules / MUST]
  A: - [[./Implementation/{Module}.Api.csproj.extend.md#MUST|{Module}.Api.csproj.extend]]
  B: - [[./Implementation/{Module}.Application.csproj.extend.md#MUST|{Module}.Application.cspro

skills\dotnet\architecture\solutions\🧩validated\solution-external-created-entity.skill\solution-external-created-entity.skill.md [# Rules / MUST]
  A: - [[./Implementation/{Module}.Api.csproj.extend.md#MUST|{Module}.Api.csproj.extend]]
  B: - [[./Implementation/{Module}.Application.csproj.extend/{Module}ApplicationRegistration.cs

skills\dotnet\architecture\solutions\🧩validated\solution-external-created-entity.skill\solution-external-created-entity.skill.md [# Rules / MUST]
  A: - [[./Implementation/{Module}.Api.csproj.extend.md#MUST|{Module}.Api.csproj.extend]]
  B: - [[./Implementation/{Module}.Domain.csproj.extend.md#MUST|{Module}.Domain.csproj.extend]]

skills\dotnet\architecture\solutions\🧩validated\solution-external-created-entity.skill\solution-external-created-entity.skill.md [# Rules / MUST]
  A: - [[./Implementation/{Module}.Api.csproj.extend.md#MUST|{Module}.Api.csproj.extend]]
  B: - [[./Implementation/{Module}.Domain.csproj.extend/{EntityName}.cs.extend.md#MUST|{EntityN

skills\dotnet\architecture\solutions\🧩validated\solution-external-created-entity.skill\solution-external-created-entity.skill.md [# Rules / MUST]
  A: - [[./Implementation/{Module}.Api.csproj.extend.md#MUST|{Module}.Api.csproj.extend]]
  B: - [[./Implementation/{Module}.Domain.csproj.extend/{EntityName}Config.cs.extend.md#MUST|{E

skills\dotnet\architecture\solutions\🧩validated\solution-external-created-entity.skill\solution-external-created-entity.skill.md [# Rules / MUST]
  A: - [[./Implementation/{Module}.Api.csproj.extend.md#MUST|{Module}.Api.csproj.extend]]
  B: - [[./Implementation/{Module}.Interfaces.csproj.extend.md#MUST|{Module}.Interfaces.csproj.

skills\dotnet\architecture\solutions\🧩validated\solution-external-created-entity.skill\solution-external-created-entity.skill.md [# Rules / MUST]
  A: - [[./Implementation/{Module}.Api.csproj.extend.md#MUST|{Module}.Api.csproj.extend]]
  B: - [[./Implementation/{Module}.Interfaces.csproj.extend/{Command}.cs.extend.md#MUST|{Comman

skills\dotnet\architecture\solutions\🧩validated\solution-external-created-entity.skill\solution-external-created-entity.skill.md [# Rules / MUST]
  A: - [[./Implementation/{Module}.Api.csproj.extend/ConflictResultExtensions.cs.create.md#MUST
  B: - [[./Implementation/{Module}.Application.csproj.extend/Create{Entity}GuidResolver.cs.crea

skills\dotnet\architecture\solutions\🧩validated\solution-external-created-entity.skill\solution-external-created-entity.skill.md [# Rules / MUST]
  A: - [[./Implementation/{Module}.Api.csproj.extend/ConflictResultExtensions.cs.create.md#MUST
  B: - [[./Implementation/{Module}.Application.csproj.extend/{Entity}ByGuidSpec.cs.create.md#MU

skills\dotnet\architecture\solutions\🧩validated\solution-external-created-entity.skill\solution-external-created-entity.skill.md [# Rules / MUST]
  A: - [[./Implementation/{Module}.Application.csproj.extend.md#MUST|{Module}.Application.cspro
  B: - [[./Implementation/{Module}.Application.csproj.extend/{Entity}ByGuidSpec.cs.create.md#MU

skills\dotnet\architecture\solutions\🧩validated\solution-external-created-entity.skill\solution-external-created-entity.skill.md [# Rules / MUST]
  A: - [[./Implementation/{Module}.Application.csproj.extend.md#MUST|{Module}.Application.cspro
  B: - [[./Implementation/{Module}.Application.csproj.extend/{Module}ApplicationRegistration.cs

skills\dotnet\architecture\solutions\🧩validated\solution-external-created-entity.skill\solution-external-created-entity.skill.md [# Rules / MUST]
  A: - [[./Implementation/{Module}.Application.csproj.extend.md#MUST|{Module}.Application.cspro
  B: - [[./Implementation/{Module}.Domain.csproj.extend.md#MUST|{Module}.Domain.csproj.extend]]

skills\dotnet\architecture\solutions\🧩validated\solution-external-created-entity.skill\solution-external-created-entity.skill.md [# Rules / MUST]
  A: - [[./Implementation/{Module}.Application.csproj.extend.md#MUST|{Module}.Application.cspro
  B: - [[./Implementation/{Module}.Domain.csproj.extend/{EntityName}.cs.extend.md#MUST|{EntityN

skills\dotnet\architecture\solutions\🧩validated\solution-external-created-entity.skill\solution-external-created-entity.skill.md [# Rules / MUST]
  A: - [[./Implementation/{Module}.Application.csproj.extend.md#MUST|{Module}.Application.cspro
  B: - [[./Implementation/{Module}.Domain.csproj.extend/{EntityName}Config.cs.extend.md#MUST|{E

skills\dotnet\architecture\solutions\🧩validated\solution-external-created-entity.skill\solution-external-created-entity.skill.md [# Rules / MUST]
  A: - [[./Implementation/{Module}.Application.csproj.extend.md#MUST|{Module}.Application.cspro
  B: - [[./Implementation/{Module}.Interfaces.csproj.extend.md#MUST|{Module}.Interfaces.csproj.

skills\dotnet\architecture\solutions\🧩validated\solution-external-created-entity.skill\solution-external-created-entity.skill.md [# Rules / MUST]
  A: - [[./Implementation/{Module}.Application.csproj.extend.md#MUST|{Module}.Application.cspro
  B: - [[./Implementation/{Module}.Interfaces.csproj.extend/{Command}.cs.extend.md#MUST|{Comman

skills\dotnet\architecture\solutions\🧩validated\solution-external-created-entity.skill\solution-external-created-entity.skill.md [# Rules / MUST]
  A: - [[./Implementation/{Module}.Application.csproj.extend/Create{Entity}GuidResolver.cs.crea
  B: - [[./Implementation/{Module}.Application.csproj.extend/{Entity}ByGuidSpec.cs.create.md#MU

skills\dotnet\architecture\solutions\🧩validated\solution-external-created-entity.skill\solution-external-created-entity.skill.md [# Rules / MUST]
  A: - [[./Implementation/{Module}.Application.csproj.extend/Create{Entity}GuidResolver.cs.crea
  B: - [[./Implementation/{Module}.Application.csproj.extend/{Module}ApplicationRegistration.cs

skills\dotnet\architecture\solutions\🧩validated\solution-external-created-entity.skill\solution-external-created-entity.skill.md [# Rules / MUST]
  A: - [[./Implementation/{Module}.Application.csproj.extend/{Entity}ByGuidSpec.cs.create.md#MU
  B: - [[./Implementation/{Module}.Application.csproj.extend/{Module}ApplicationRegistration.cs

skills\dotnet\architecture\solutions\🧩validated\solution-external-created-entity.skill\solution-external-created-entity.skill.md [# Rules / MUST]
  A: - [[./Implementation/{Module}.Application.csproj.extend/{Entity}ByGuidSpec.cs.create.md#MU
  B: - [[./Implementation/{Module}.Domain.csproj.extend/{EntityName}.cs.extend.md#MUST|{EntityN

skills\dotnet\architecture\solutions\🧩validated\solution-external-created-entity.skill\solution-external-created-entity.skill.md [# Rules / MUST]
  A: - [[./Implementation/{Module}.Application.csproj.extend/{Entity}ByGuidSpec.cs.create.md#MU
  B: - [[./Implementation/{Module}.Domain.csproj.extend/{EntityName}Config.cs.extend.md#MUST|{E

skills\dotnet\architecture\solutions\🧩validated\solution-external-created-entity.skill\solution-external-created-entity.skill.md [# Rules / MUST]
  A: - [[./Implementation/{Module}.Application.csproj.extend/{Entity}ByGuidSpec.cs.create.md#MU
  B: - [[./Implementation/{Module}.Interfaces.csproj.extend/{Command}.cs.extend.md#MUST|{Comman

skills\dotnet\architecture\solutions\🧩validated\solution-external-created-entity.skill\solution-external-created-entity.skill.md [# Rules / MUST]
  A: - [[./Implementation/{Module}.Application.csproj.extend/{Module}ApplicationRegistration.cs
  B: - [[./Implementation/{Module}.Domain.csproj.extend.md#MUST|{Module}.Domain.csproj.extend]]

skills\dotnet\architecture\solutions\🧩validated\solution-external-created-entity.skill\solution-external-created-entity.skill.md [# Rules / MUST]
  A: - [[./Implementation/{Module}.Application.csproj.extend/{Module}ApplicationRegistration.cs
  B: - [[./Implementation/{Module}.Domain.csproj.extend/{EntityName}.cs.extend.md#MUST|{EntityN

skills\dotnet\architecture\solutions\🧩validated\solution-external-created-entity.skill\solution-external-created-entity.skill.md [# Rules / MUST]
  A: - [[./Implementation/{Module}.Application.csproj.extend/{Module}ApplicationRegistration.cs
  B: - [[./Implementation/{Module}.Domain.csproj.extend/{EntityName}Config.cs.extend.md#MUST|{E

skills\dotnet\architecture\solutions\🧩validated\solution-external-created-entity.skill\solution-external-created-entity.skill.md [# Rules / MUST]
  A: - [[./Implementation/{Module}.Application.csproj.extend/{Module}ApplicationRegistration.cs
  B: - [[./Implementation/{Module}.Interfaces.csproj.extend.md#MUST|{Module}.Interfaces.csproj.

skills\dotnet\architecture\solutions\🧩validated\solution-external-created-entity.skill\solution-external-created-entity.skill.md [# Rules / MUST]
  A: - [[./Implementation/{Module}.Application.csproj.extend/{Module}ApplicationRegistration.cs
  B: - [[./Implementation/{Module}.Interfaces.csproj.extend/{Command}.cs.extend.md#MUST|{Comman

skills\dotnet\architecture\solutions\🧩validated\solution-external-created-entity.skill\solution-external-created-entity.skill.md [# Rules / MUST]
  A: - [[./Implementation/{Module}.Domain.csproj.extend.md#MUST|{Module}.Domain.csproj.extend]]
  B: - [[./Implementation/{Module}.Domain.csproj.extend/{EntityName}.cs.extend.md#MUST|{EntityN

skills\dotnet\architecture\solutions\🧩validated\solution-external-created-entity.skill\solution-external-created-entity.skill.md [# Rules / MUST]
  A: - [[./Implementation/{Module}.Domain.csproj.extend.md#MUST|{Module}.Domain.csproj.extend]]
  B: - [[./Implementation/{Module}.Domain.csproj.extend/{EntityName}Config.cs.extend.md#MUST|{E

skills\dotnet\architecture\solutions\🧩validated\solution-external-created-entity.skill\solution-external-created-entity.skill.md [# Rules / MUST]
  A: - [[./Implementation/{Module}.Domain.csproj.extend.md#MUST|{Module}.Domain.csproj.extend]]
  B: - [[./Implementation/{Module}.Interfaces.csproj.extend.md#MUST|{Module}.Interfaces.csproj.

skills\dotnet\architecture\solutions\🧩validated\solution-external-created-entity.skill\solution-external-created-entity.skill.md [# Rules / MUST]
  A: - [[./Implementation/{Module}.Domain.csproj.extend.md#MUST|{Module}.Domain.csproj.extend]]
  B: - [[./Implementation/{Module}.Interfaces.csproj.extend/{Command}.cs.extend.md#MUST|{Comman

skills\dotnet\architecture\solutions\🧩validated\solution-external-created-entity.skill\solution-external-created-entity.skill.md [# Rules / MUST]
  A: - [[./Implementation/{Module}.Domain.csproj.extend/{EntityName}.cs.extend.md#MUST|{EntityN
  B: - [[./Implementation/{Module}.Domain.csproj.extend/{EntityName}Config.cs.extend.md#MUST|{E

skills\dotnet\architecture\solutions\🧩validated\solution-external-created-entity.skill\solution-external-created-entity.skill.md [# Rules / MUST]
  A: - [[./Implementation/{Module}.Domain.csproj.extend/{EntityName}.cs.extend.md#MUST|{EntityN
  B: - [[./Implementation/{Module}.Interfaces.csproj.extend.md#MUST|{Module}.Interfaces.csproj.

skills\dotnet\architecture\solutions\🧩validated\solution-external-created-entity.skill\solution-external-created-entity.skill.md [# Rules / MUST]
  A: - [[./Implementation/{Module}.Domain.csproj.extend/{EntityName}.cs.extend.md#MUST|{EntityN
  B: - [[./Implementation/{Module}.Interfaces.csproj.extend/{Command}.cs.extend.md#MUST|{Comman

skills\dotnet\architecture\solutions\🧩validated\solution-external-created-entity.skill\solution-external-created-entity.skill.md [# Rules / MUST]
  A: - [[./Implementation/{Module}.Domain.csproj.extend/{EntityName}Config.cs.extend.md#MUST|{E
  B: - [[./Implementation/{Module}.Interfaces.csproj.extend.md#MUST|{Module}.Interfaces.csproj.

skills\dotnet\architecture\solutions\🧩validated\solution-external-created-entity.skill\solution-external-created-entity.skill.md [# Rules / MUST]
  A: - [[./Implementation/{Module}.Domain.csproj.extend/{EntityName}Config.cs.extend.md#MUST|{E
  B: - [[./Implementation/{Module}.Interfaces.csproj.extend/{Command}.cs.extend.md#MUST|{Comman

skills\dotnet\architecture\solutions\🧩validated\solution-external-created-entity.skill\solution-external-created-entity.skill.md [# Rules / MUST]
  A: - [[./Implementation/{Module}.Interfaces.csproj.extend.md#MUST|{Module}.Interfaces.csproj.
  B: - [[./Implementation/{Module}.Interfaces.csproj.extend/{Command}.cs.extend.md#MUST|{Comman

skills\dotnet\architecture\solutions\🧩validated\solution-external-created-entity.skill\solution-external-created-entity.skill.md [# Rules / MUST NOT]
  A: - [[./Implementation/BuildingBlocks.csproj.extend/GuidResolvingBehavior.cs.create.md#MUST 
  B: - [[./Implementation/Shared.csproj.extend/ConflictResult.cs.create.md#MUST NOT|ConflictRes

skills\dotnet\architecture\solutions\🧩validated\solution-external-created-entity.skill\solution-external-created-entity.skill.md [# Rules / MUST NOT]
  A: - [[./Implementation/BuildingBlocks.csproj.extend/GuidResolvingBehavior.cs.create.md#MUST 
  B: - [[./Implementation/Shared.csproj.extend/IGuidResolver.cs.create.md#MUST NOT|IGuidResolve

skills\dotnet\architecture\solutions\🧩validated\solution-external-created-entity.skill\solution-external-created-entity.skill.md [# Rules / MUST NOT]
  A: - [[./Implementation/BuildingBlocks.csproj.extend/GuidResolvingBehavior.cs.create.md#MUST 
  B: - [[./Implementation/Shared.csproj.extend/IHasGuid.cs.create.md#MUST NOT|IHasGuid.cs.creat

skills\dotnet\architecture\solutions\🧩validated\solution-external-created-entity.skill\solution-external-created-entity.skill.md [# Rules / MUST NOT]
  A: - [[./Implementation/Shared.csproj.extend/ConflictResult.cs.create.md#MUST NOT|ConflictRes
  B: - [[./Implementation/Shared.csproj.extend/IGuidResolver.cs.create.md#MUST NOT|IGuidResolve

skills\dotnet\architecture\solutions\🧩validated\solution-external-created-entity.skill\solution-external-created-entity.skill.md [# Rules / MUST NOT]
  A: - [[./Implementation/Shared.csproj.extend/ConflictResult.cs.create.md#MUST NOT|ConflictRes
  B: - [[./Implementation/Shared.csproj.extend/IHasGuid.cs.create.md#MUST NOT|IHasGuid.cs.creat

skills\dotnet\architecture\solutions\🧩validated\solution-external-created-entity.skill\solution-external-created-entity.skill.md [# Rules / MUST NOT]
  A: - [[./Implementation/Shared.csproj.extend/IGuidResolver.cs.create.md#MUST NOT|IGuidResolve
  B: - [[./Implementation/Shared.csproj.extend/IHasGuid.cs.create.md#MUST NOT|IHasGuid.cs.creat

skills\dotnet\architecture\solutions\🧩validated\solution-external-created-entity.skill\solution-external-created-entity.skill.md [# Rules / MUST NOT]
  A: - [[./Implementation/{Module}.Api.csproj.extend.md#MUST NOT|{Module}.Api.csproj.extend]]
  B: - [[./Implementation/{Module}.Api.csproj.extend/ConflictResultExtensions.cs.create.md#MUST

skills\dotnet\architecture\solutions\🧩validated\solution-external-created-entity.skill\solution-external-created-entity.skill.md [# Rules / MUST NOT]
  A: - [[./Implementation/{Module}.Api.csproj.extend.md#MUST NOT|{Module}.Api.csproj.extend]]
  B: - [[./Implementation/{Module}.Application.csproj.extend.md#MUST NOT|{Module}.Application.c

skills\dotnet\architecture\solutions\🧩validated\solution-external-created-entity.skill\solution-external-created-entity.skill.md [# Rules / MUST NOT]
  A: - [[./Implementation/{Module}.Api.csproj.extend.md#MUST NOT|{Module}.Api.csproj.extend]]
  B: - [[./Implementation/{Module}.Application.csproj.extend/{Module}ApplicationRegistration.cs

skills\dotnet\architecture\solutions\🧩validated\solution-external-created-entity.skill\solution-external-created-entity.skill.md [# Rules / MUST NOT]
  A: - [[./Implementation/{Module}.Api.csproj.extend.md#MUST NOT|{Module}.Api.csproj.extend]]
  B: - [[./Implementation/{Module}.Domain.csproj.extend.md#MUST NOT|{Module}.Domain.csproj.exte

skills\dotnet\architecture\solutions\🧩validated\solution-external-created-entity.skill\solution-external-created-entity.skill.md [# Rules / MUST NOT]
  A: - [[./Implementation/{Module}.Api.csproj.extend.md#MUST NOT|{Module}.Api.csproj.extend]]
  B: - [[./Implementation/{Module}.Domain.csproj.extend/{EntityName}.cs.extend.md#MUST NOT|{Ent

skills\dotnet\architecture\solutions\🧩validated\solution-external-created-entity.skill\solution-external-created-entity.skill.md [# Rules / MUST NOT]
  A: - [[./Implementation/{Module}.Api.csproj.extend.md#MUST NOT|{Module}.Api.csproj.extend]]
  B: - [[./Implementation/{Module}.Domain.csproj.extend/{EntityName}Config.cs.extend.md#MUST NO

skills\dotnet\architecture\solutions\🧩validated\solution-external-created-entity.skill\solution-external-created-entity.skill.md [# Rules / MUST NOT]
  A: - [[./Implementation/{Module}.Api.csproj.extend.md#MUST NOT|{Module}.Api.csproj.extend]]
  B: - [[./Implementation/{Module}.Interfaces.csproj.extend.md#MUST NOT|{Module}.Interfaces.csp

skills\dotnet\architecture\solutions\🧩validated\solution-external-created-entity.skill\solution-external-created-entity.skill.md [# Rules / MUST NOT]
  A: - [[./Implementation/{Module}.Api.csproj.extend.md#MUST NOT|{Module}.Api.csproj.extend]]
  B: - [[./Implementation/{Module}.Interfaces.csproj.extend/{Command}.cs.extend.md#MUST NOT|{Co

skills\dotnet\architecture\solutions\🧩validated\solution-external-created-entity.skill\solution-external-created-entity.skill.md [# Rules / MUST NOT]
  A: - [[./Implementation/{Module}.Api.csproj.extend/ConflictResultExtensions.cs.create.md#MUST
  B: - [[./Implementation/{Module}.Application.csproj.extend/Create{Entity}GuidResolver.cs.crea

skills\dotnet\architecture\solutions\🧩validated\solution-external-created-entity.skill\solution-external-created-entity.skill.md [# Rules / MUST NOT]
  A: - [[./Implementation/{Module}.Api.csproj.extend/ConflictResultExtensions.cs.create.md#MUST
  B: - [[./Implementation/{Module}.Application.csproj.extend/{Entity}ByGuidSpec.cs.create.md#MU

skills\dotnet\architecture\solutions\🧩validated\solution-external-created-entity.skill\solution-external-created-entity.skill.md [# Rules / MUST NOT]
  A: - [[./Implementation/{Module}.Api.csproj.extend/ConflictResultExtensions.cs.create.md#MUST
  B: - [[./Implementation/{Module}.Application.csproj.extend/{Module}ApplicationRegistration.cs

skills\dotnet\architecture\solutions\🧩validated\solution-external-created-entity.skill\solution-external-created-entity.skill.md [# Rules / MUST NOT]
  A: - [[./Implementation/{Module}.Api.csproj.extend/ConflictResultExtensions.cs.create.md#MUST
  B: - [[./Implementation/{Module}.Domain.csproj.extend/{EntityName}.cs.extend.md#MUST NOT|{Ent

skills\dotnet\architecture\solutions\🧩validated\solution-external-created-entity.skill\solution-external-created-entity.skill.md [# Rules / MUST NOT]
  A: - [[./Implementation/{Module}.Api.csproj.extend/ConflictResultExtensions.cs.create.md#MUST
  B: - [[./Implementation/{Module}.Interfaces.csproj.extend/{Command}.cs.extend.md#MUST NOT|{Co

skills\dotnet\architecture\solutions\🧩validated\solution-external-created-entity.skill\solution-external-created-entity.skill.md [# Rules / MUST NOT]
  A: - [[./Implementation/{Module}.Application.csproj.extend.md#MUST NOT|{Module}.Application.c
  B: - [[./Implementation/{Module}.Application.csproj.extend/{Entity}ByGuidSpec.cs.create.md#MU

skills\dotnet\architecture\solutions\🧩validated\solution-external-created-entity.skill\solution-external-created-entity.skill.md [# Rules / MUST NOT]
  A: - [[./Implementation/{Module}.Application.csproj.extend.md#MUST NOT|{Module}.Application.c
  B: - [[./Implementation/{Module}.Application.csproj.extend/{Module}ApplicationRegistration.cs

skills\dotnet\architecture\solutions\🧩validated\solution-external-created-entity.skill\solution-external-created-entity.skill.md [# Rules / MUST NOT]
  A: - [[./Implementation/{Module}.Application.csproj.extend.md#MUST NOT|{Module}.Application.c
  B: - [[./Implementation/{Module}.Domain.csproj.extend.md#MUST NOT|{Module}.Domain.csproj.exte

skills\dotnet\architecture\solutions\🧩validated\solution-external-created-entity.skill\solution-external-created-entity.skill.md [# Rules / MUST NOT]
  A: - [[./Implementation/{Module}.Application.csproj.extend.md#MUST NOT|{Module}.Application.c
  B: - [[./Implementation/{Module}.Domain.csproj.extend/{EntityName}.cs.extend.md#MUST NOT|{Ent

skills\dotnet\architecture\solutions\🧩validated\solution-external-created-entity.skill\solution-external-created-entity.skill.md [# Rules / MUST NOT]
  A: - [[./Implementation/{Module}.Application.csproj.extend.md#MUST NOT|{Module}.Application.c
  B: - [[./Implementation/{Module}.Domain.csproj.extend/{EntityName}Config.cs.extend.md#MUST NO

skills\dotnet\architecture\solutions\🧩validated\solution-external-created-entity.skill\solution-external-created-entity.skill.md [# Rules / MUST NOT]
  A: - [[./Implementation/{Module}.Application.csproj.extend.md#MUST NOT|{Module}.Application.c
  B: - [[./Implementation/{Module}.Interfaces.csproj.extend.md#MUST NOT|{Module}.Interfaces.csp

skills\dotnet\architecture\solutions\🧩validated\solution-external-created-entity.skill\solution-external-created-entity.skill.md [# Rules / MUST NOT]
  A: - [[./Implementation/{Module}.Application.csproj.extend.md#MUST NOT|{Module}.Application.c
  B: - [[./Implementation/{Module}.Interfaces.csproj.extend/{Command}.cs.extend.md#MUST NOT|{Co

skills\dotnet\architecture\solutions\🧩validated\solution-external-created-entity.skill\solution-external-created-entity.skill.md [# Rules / MUST NOT]
  A: - [[./Implementation/{Module}.Application.csproj.extend/Create{Entity}GuidResolver.cs.crea
  B: - [[./Implementation/{Module}.Application.csproj.extend/{Entity}ByGuidSpec.cs.create.md#MU

skills\dotnet\architecture\solutions\🧩validated\solution-external-created-entity.skill\solution-external-created-entity.skill.md [# Rules / MUST NOT]
  A: - [[./Implementation/{Module}.Application.csproj.extend/Create{Entity}GuidResolver.cs.crea
  B: - [[./Implementation/{Module}.Application.csproj.extend/{Module}ApplicationRegistration.cs

skills\dotnet\architecture\solutions\🧩validated\solution-external-created-entity.skill\solution-external-created-entity.skill.md [# Rules / MUST NOT]
  A: - [[./Implementation/{Module}.Application.csproj.extend/{Entity}ByGuidSpec.cs.create.md#MU
  B: - [[./Implementation/{Module}.Application.csproj.extend/{Module}ApplicationRegistration.cs

skills\dotnet\architecture\solutions\🧩validated\solution-external-created-entity.skill\solution-external-created-entity.skill.md [# Rules / MUST NOT]
  A: - [[./Implementation/{Module}.Application.csproj.extend/{Entity}ByGuidSpec.cs.create.md#MU
  B: - [[./Implementation/{Module}.Domain.csproj.extend/{EntityName}.cs.extend.md#MUST NOT|{Ent

skills\dotnet\architecture\solutions\🧩validated\solution-external-created-entity.skill\solution-external-created-entity.skill.md [# Rules / MUST NOT]
  A: - [[./Implementation/{Module}.Application.csproj.extend/{Entity}ByGuidSpec.cs.create.md#MU
  B: - [[./Implementation/{Module}.Domain.csproj.extend/{EntityName}Config.cs.extend.md#MUST NO

skills\dotnet\architecture\solutions\🧩validated\solution-external-created-entity.skill\solution-external-created-entity.skill.md [# Rules / MUST NOT]
  A: - [[./Implementation/{Module}.Application.csproj.extend/{Entity}ByGuidSpec.cs.create.md#MU
  B: - [[./Implementation/{Module}.Interfaces.csproj.extend/{Command}.cs.extend.md#MUST NOT|{Co

skills\dotnet\architecture\solutions\🧩validated\solution-external-created-entity.skill\solution-external-created-entity.skill.md [# Rules / MUST NOT]
  A: - [[./Implementation/{Module}.Application.csproj.extend/{Module}ApplicationRegistration.cs
  B: - [[./Implementation/{Module}.Domain.csproj.extend.md#MUST NOT|{Module}.Domain.csproj.exte

skills\dotnet\architecture\solutions\🧩validated\solution-external-created-entity.skill\solution-external-created-entity.skill.md [# Rules / MUST NOT]
  A: - [[./Implementation/{Module}.Application.csproj.extend/{Module}ApplicationRegistration.cs
  B: - [[./Implementation/{Module}.Domain.csproj.extend/{EntityName}.cs.extend.md#MUST NOT|{Ent

skills\dotnet\architecture\solutions\🧩validated\solution-external-created-entity.skill\solution-external-created-entity.skill.md [# Rules / MUST NOT]
  A: - [[./Implementation/{Module}.Application.csproj.extend/{Module}ApplicationRegistration.cs
  B: - [[./Implementation/{Module}.Domain.csproj.extend/{EntityName}Config.cs.extend.md#MUST NO

skills\dotnet\architecture\solutions\🧩validated\solution-external-created-entity.skill\solution-external-created-entity.skill.md [# Rules / MUST NOT]
  A: - [[./Implementation/{Module}.Application.csproj.extend/{Module}ApplicationRegistration.cs
  B: - [[./Implementation/{Module}.Interfaces.csproj.extend.md#MUST NOT|{Module}.Interfaces.csp

skills\dotnet\architecture\solutions\🧩validated\solution-external-created-entity.skill\solution-external-created-entity.skill.md [# Rules / MUST NOT]
  A: - [[./Implementation/{Module}.Application.csproj.extend/{Module}ApplicationRegistration.cs
  B: - [[./Implementation/{Module}.Interfaces.csproj.extend/{Command}.cs.extend.md#MUST NOT|{Co

skills\dotnet\architecture\solutions\🧩validated\solution-external-created-entity.skill\solution-external-created-entity.skill.md [# Rules / MUST NOT]
  A: - [[./Implementation/{Module}.Domain.csproj.extend.md#MUST NOT|{Module}.Domain.csproj.exte
  B: - [[./Implementation/{Module}.Domain.csproj.extend/{EntityName}.cs.extend.md#MUST NOT|{Ent

skills\dotnet\architecture\solutions\🧩validated\solution-external-created-entity.skill\solution-external-created-entity.skill.md [# Rules / MUST NOT]
  A: - [[./Implementation/{Module}.Domain.csproj.extend.md#MUST NOT|{Module}.Domain.csproj.exte
  B: - [[./Implementation/{Module}.Domain.csproj.extend/{EntityName}Config.cs.extend.md#MUST NO

skills\dotnet\architecture\solutions\🧩validated\solution-external-created-entity.skill\solution-external-created-entity.skill.md [# Rules / MUST NOT]
  A: - [[./Implementation/{Module}.Domain.csproj.extend.md#MUST NOT|{Module}.Domain.csproj.exte
  B: - [[./Implementation/{Module}.Interfaces.csproj.extend.md#MUST NOT|{Module}.Interfaces.csp

skills\dotnet\architecture\solutions\🧩validated\solution-external-created-entity.skill\solution-external-created-entity.skill.md [# Rules / MUST NOT]
  A: - [[./Implementation/{Module}.Domain.csproj.extend.md#MUST NOT|{Module}.Domain.csproj.exte
  B: - [[./Implementation/{Module}.Interfaces.csproj.extend/{Command}.cs.extend.md#MUST NOT|{Co

skills\dotnet\architecture\solutions\🧩validated\solution-external-created-entity.skill\solution-external-created-entity.skill.md [# Rules / MUST NOT]
  A: - [[./Implementation/{Module}.Domain.csproj.extend/{EntityName}.cs.extend.md#MUST NOT|{Ent
  B: - [[./Implementation/{Module}.Domain.csproj.extend/{EntityName}Config.cs.extend.md#MUST NO

skills\dotnet\architecture\solutions\🧩validated\solution-external-created-entity.skill\solution-external-created-entity.skill.md [# Rules / MUST NOT]
  A: - [[./Implementation/{Module}.Domain.csproj.extend/{EntityName}.cs.extend.md#MUST NOT|{Ent
  B: - [[./Implementation/{Module}.Interfaces.csproj.extend.md#MUST NOT|{Module}.Interfaces.csp

skills\dotnet\architecture\solutions\🧩validated\solution-external-created-entity.skill\solution-external-created-entity.skill.md [# Rules / MUST NOT]
  A: - [[./Implementation/{Module}.Domain.csproj.extend/{EntityName}.cs.extend.md#MUST NOT|{Ent
  B: - [[./Implementation/{Module}.Interfaces.csproj.extend/{Command}.cs.extend.md#MUST NOT|{Co

skills\dotnet\architecture\solutions\🧩validated\solution-external-created-entity.skill\solution-external-created-entity.skill.md [# Rules / MUST NOT]
  A: - [[./Implementation/{Module}.Domain.csproj.extend/{EntityName}Config.cs.extend.md#MUST NO
  B: - [[./Implementation/{Module}.Interfaces.csproj.extend.md#MUST NOT|{Module}.Interfaces.csp

skills\dotnet\architecture\solutions\🧩validated\solution-external-created-entity.skill\solution-external-created-entity.skill.md [# Rules / MUST NOT]
  A: - [[./Implementation/{Module}.Domain.csproj.extend/{EntityName}Config.cs.extend.md#MUST NO
  B: - [[./Implementation/{Module}.Interfaces.csproj.extend/{Command}.cs.extend.md#MUST NOT|{Co

skills\dotnet\architecture\solutions\🧩validated\solution-external-created-entity.skill\solution-external-created-entity.skill.md [# Rules / MUST NOT]
  A: - [[./Implementation/{Module}.Interfaces.csproj.extend.md#MUST NOT|{Module}.Interfaces.csp
  B: - [[./Implementation/{Module}.Interfaces.csproj.extend/{Command}.cs.extend.md#MUST NOT|{Co

skills\dotnet\architecture\solutions\🧩validated\solution-external-created-entity.skill\solution-external-created-entity.skill.md [# Rules / MUST NOT]
  A: - [ ] `{Entity}ByGuidSpec` in `/{Module}.Application/Specifications`
  B: - [ ] `Create{Entity}GuidResolver` in `/{Module}.Application/Resolvers`

skills\dotnet\architecture\solutions\🧩validated\solution-http-api-publication.skill\Implementation\App.Host.csproj.extend\ApiRegistration.cs.create.md [# Rule changes / MUST]
  A: - `ResultStatus.Invalid` → 400 Bad Request with `ProblemDetails`
  B: - `ResultStatus.NotFound` → 404 Not Found with `ProblemDetails`

skills\dotnet\architecture\solutions\🧩validated\solution-http-api-publication.skill\Implementation\App.Host.csproj.extend\ApiRegistration.cs.create.md [# Rule changes / MUST]
  A: - `ResultStatus.Invalid` → 400 Bad Request with `ProblemDetails`
  B: - `ResultStatus.Conflict` → 409 Conflict with `ProblemDetails`

skills\dotnet\architecture\solutions\🧩validated\solution-http-api-publication.skill\Implementation\App.Host.csproj.extend\ApiRegistration.cs.create.md [# Rule changes / MUST]
  A: - `ResultStatus.Invalid` → 400 Bad Request with `ProblemDetails`
  B: - `ResultStatus.Error` → 500 Internal Server Error with `ProblemDetails`

skills\dotnet\architecture\solutions\🧩validated\solution-http-api-publication.skill\Implementation\App.Host.csproj.extend\ApiRegistration.cs.create.md [# Rule changes / MUST]
  A: - `ResultStatus.NotFound` → 404 Not Found with `ProblemDetails`
  B: - `ResultStatus.Conflict` → 409 Conflict with `ProblemDetails`

skills\dotnet\architecture\solutions\🧩validated\solution-http-api-publication.skill\Implementation\App.Host.csproj.extend\ApiRegistration.cs.create.md [# Rule changes / MUST]
  A: - `ResultStatus.NotFound` → 404 Not Found with `ProblemDetails`
  B: - `ResultStatus.Error` → 500 Internal Server Error with `ProblemDetails`

skills\dotnet\architecture\solutions\🧩validated\solution-http-api-publication.skill\Implementation\App.Host.csproj.extend\ApiRegistration.cs.create.md [# Rule changes / MUST]
  A: - `ResultStatus.Conflict` → 409 Conflict with `ProblemDetails`
  B: - `ResultStatus.Error` → 500 Internal Server Error with `ProblemDetails`

skills\dotnet\architecture\solutions\🧩validated\solution-http-api-publication.skill\Implementation\App.Host.csproj.extend\ApiRegistration.cs.create.md [# Rule changes / MUST NOT]
  A: - Missing `UseExceptionHandler()` before `MapControllers()`
  B: - [ ] `UseExceptionHandler()` before `MapControllers()`

skills\dotnet\architecture\solutions\🧩validated\solution-http-api-publication.skill\Implementation\App.Host.csproj.extend\ApiRegistration.cs.create.md [# Rule changes / MUST NOT]
  A: - [ ] `ApiRegistration.cs` exists in `/DependencyInjection`
  B: - [ ] WHEN verified THEN ApiRegistration.cs exists in /DependencyInjection

skills\dotnet\architecture\solutions\🧩validated\solution-http-api-publication.skill\Implementation\App.Host.csproj.extend\ApiRegistration.cs.create.md [# Rule changes / MUST NOT]
  A: - [ ] All module Api assemblies added as application parts
  B: - [ ] WHEN verified THEN All module Api assemblies added as application parts

skills\dotnet\architecture\solutions\🧩validated\solution-http-api-publication.skill\Implementation\App.Host.csproj.extend\ApiRegistration.cs.create.md [# Rule changes / MUST NOT]
  A: - [ ] `UseExceptionHandler()` before `MapControllers()`
  B: - [ ] WHEN verified THEN UseExceptionHandler() before MapControllers()

skills\dotnet\architecture\solutions\🧩validated\solution-http-api-publication.skill\Implementation\App.Host.csproj.extend\ApiRegistration.cs.create.md [# Rule changes / MUST NOT]
  A: - [ ] `AddProblemDetails()` registered
  B: - [ ] WHEN verified THEN AddProblemDetails() registered

skills\dotnet\architecture\solutions\🧩validated\solution-http-api-publication.skill\Implementation\App.Host.csproj.extend.md [# Rules / MUST]
  A: - `App.Host` registers one `SwaggerDoc` per module using the module's `{Module}ApiSwaggerR
  B: - `App.Host` registers one `SwaggerEndpoint` per module in `UseSwaggerUI`

skills\dotnet\architecture\solutions\🧩validated\solution-http-api-publication.skill\Implementation\App.Host.csproj.extend.md [# Rules / MUST NOT]
  A: - Missing `UseExceptionHandler()` before `MapControllers()`
  B: - [ ] `UseExceptionHandler()` before `MapControllers()`

skills\dotnet\architecture\solutions\🧩validated\solution-http-api-publication.skill\Implementation\{Module}.Api.csproj.extend\ResultExtensions.cs.create.md [# Rule changes / MUST]
  A: - `ToProblemDetails(IEnumerable<ValidationError>)` returns 400 `ProblemDetails` with group
  B: - `ToProblemDetails(IEnumerable<string>)` returns `ProblemDetails` with error array

skills\dotnet\architecture\solutions\🧩validated\solution-http-api-publication.skill\Implementation\{Module}.Api.csproj.extend\ResultExtensions.cs.create.md [# Rule changes / MUST NOT]
  A: - [ ] `ResultExtensions.cs` exists in `/Extensions`
  B: - [ ] WHEN verified THEN ResultExtensions.cs exists in /Extensions

skills\dotnet\architecture\solutions\🧩validated\solution-http-api-publication.skill\Implementation\{Module}.Api.csproj.extend\ResultExtensions.cs.create.md [# Rule changes / MUST NOT]
  A: - [ ] `ToProblemDetails` handles both validation errors and plain error messages
  B: - [ ] WHEN verified THEN ToProblemDetails handles both validation errors and plain error m

skills\dotnet\architecture\solutions\🧩validated\solution-http-api-publication.skill\Implementation\{Module}.Api.csproj.extend\ResultExtensions.cs.create.md [# Rule changes / MUST NOT]
  A: - [ ] Errors grouped by identifier for validation errors
  B: - [ ] WHEN verified THEN Errors grouped by identifier for validation errors

skills\dotnet\architecture\solutions\🧩validated\solution-http-api-publication.skill\Implementation\{Module}.Api.csproj.extend\ResultExtensions.cs.create.md [# Rule changes / MUST NOT]
  A: - [ ] WHEN applied THEN Validation errors grouped by identifier into a dictionary
  B: - [ ] WHEN verified THEN Errors grouped by identifier for validation errors

skills\dotnet\architecture\solutions\🧩validated\solution-http-api-publication.skill\Implementation\{Module}.Api.csproj.extend\Single{Entity}Controller.cs.create.md [# Rule changes / MUST NOT]
  A: - [ ] Named `Single{Entity}Controller`
  B: - [ ] WHEN verified THEN Named Single{Entity}Controller

skills\dotnet\architecture\solutions\🧩validated\solution-http-api-publication.skill\Implementation\{Module}.Api.csproj.extend\Single{Entity}Controller.cs.create.md [# Rule changes / MUST NOT]
  A: - [ ] Route uses `/{entity}/{id:int}`
  B: - [ ] WHEN applied THEN Route: /{entity}/{id}

skills\dotnet\architecture\solutions\🧩validated\solution-http-api-publication.skill\Implementation\{Module}.Api.csproj.extend\Single{Entity}Controller.cs.create.md [# Rule changes / MUST NOT]
  A: - [ ] Route uses `/{entity}/{id:int}`
  B: - [ ] WHEN verified THEN Route uses /{entity}/{id:int}

skills\dotnet\architecture\solutions\🧩validated\solution-http-api-publication.skill\Implementation\{Module}.Api.csproj.extend\Single{Entity}Controller.cs.create.md [# Rule changes / MUST NOT]
  A: - [ ] GET dispatches `Get{Entity}Query`
  B: - [ ] WHEN verified THEN GET dispatches Get{Entity}Query

skills\dotnet\architecture\solutions\🧩validated\solution-http-api-publication.skill\Implementation\{Module}.Api.csproj.extend\Single{Entity}Controller.cs.create.md [# Rule changes / MUST NOT]
  A: - [ ] PUT dispatches `Update{Entity}Command`
  B: - [ ] WHEN verified THEN PUT dispatches Update{Entity}Command

skills\dotnet\architecture\solutions\🧩validated\solution-http-api-publication.skill\Implementation\{Module}.Api.csproj.extend\Single{Entity}Controller.cs.create.md [# Rule changes / MUST NOT]
  A: - [ ] DELETE dispatches `Delete{Entity}Command`
  B: - [ ] WHEN verified THEN DELETE dispatches Delete{Entity}Command

skills\dotnet\architecture\solutions\🧩validated\solution-http-api-publication.skill\Implementation\{Module}.Api.csproj.extend\Single{Entity}Controller.cs.create.md [# Rule changes / MUST NOT]
  A: - [ ] Update/delete return 204 NoContent on success
  B: - [ ] WHEN verified THEN Update/delete return 204 NoContent on success

skills\dotnet\architecture\solutions\🧩validated\solution-http-api-publication.skill\Implementation\{Module}.Api.csproj.extend\Single{Entity}Controller.cs.create.md [# Rule changes / MUST NOT]
  A: - [ ] WHEN applied THEN Route: /{entity}/{id}
  B: - [ ] WHEN verified THEN Route uses /{entity}/{id:int}

skills\dotnet\architecture\solutions\🧩validated\solution-http-api-publication.skill\Implementation\{Module}.Api.csproj.extend\Single{Entity}Controller.cs.create.md [# Rule changes / MUST NOT]
  A: - [ ] WHEN verified THEN Named Single{Entity}Controller
  B: - [ ] WHEN verified THEN GET dispatches Get{Entity}Query

skills\dotnet\architecture\solutions\🧩validated\solution-http-api-publication.skill\Implementation\{Module}.Api.csproj.extend\Single{Entity}Controller.cs.create.md [# Rule changes / MUST NOT]
  A: - [ ] WHEN verified THEN Named Single{Entity}Controller
  B: - [ ] WHEN verified THEN PUT dispatches Update{Entity}Command

skills\dotnet\architecture\solutions\🧩validated\solution-http-api-publication.skill\Implementation\{Module}.Api.csproj.extend\Single{Entity}Controller.cs.create.md [# Rule changes / MUST NOT]
  A: - [ ] WHEN verified THEN Named Single{Entity}Controller
  B: - [ ] WHEN verified THEN DELETE dispatches Delete{Entity}Command

skills\dotnet\architecture\solutions\🧩validated\solution-http-api-publication.skill\Implementation\{Module}.Api.csproj.extend\Single{Entity}Controller.cs.create.md [# Rule changes / MUST NOT]
  A: - [ ] WHEN verified THEN GET dispatches Get{Entity}Query
  B: - [ ] WHEN verified THEN PUT dispatches Update{Entity}Command

skills\dotnet\architecture\solutions\🧩validated\solution-http-api-publication.skill\Implementation\{Module}.Api.csproj.extend\Single{Entity}Controller.cs.create.md [# Rule changes / MUST NOT]
  A: - [ ] WHEN verified THEN GET dispatches Get{Entity}Query
  B: - [ ] WHEN verified THEN DELETE dispatches Delete{Entity}Command

skills\dotnet\architecture\solutions\🧩validated\solution-http-api-publication.skill\Implementation\{Module}.Api.csproj.extend\Single{Entity}Controller.cs.create.md [# Rule changes / MUST NOT]
  A: - [ ] WHEN verified THEN PUT dispatches Update{Entity}Command
  B: - [ ] WHEN verified THEN DELETE dispatches Delete{Entity}Command

skills\dotnet\architecture\solutions\🧩validated\solution-http-api-publication.skill\Implementation\{Module}.Api.csproj.extend\Single{Entity}{Property}Controller.cs.create.md [# Rule changes / MUST NOT]
  A: - Property name in camelCase in the route — use kebab-case
  B: - [ ] Route uses kebab-case property name

skills\dotnet\architecture\solutions\🧩validated\solution-http-api-publication.skill\Implementation\{Module}.Api.csproj.extend\Single{Entity}{Property}Controller.cs.create.md [# Rule changes / MUST NOT]
  A: - Property name in camelCase in the route — use kebab-case
  B: - [ ] WHEN verified THEN Route uses kebab-case property name

skills\dotnet\architecture\solutions\🧩validated\solution-http-api-publication.skill\Implementation\{Module}.Api.csproj.extend\Single{Entity}{Property}Controller.cs.create.md [# Rule changes / MUST NOT]
  A: - [ ] Named `Single{Entity}{Property}Controller`
  B: - [ ] WHEN verified THEN Named Single{Entity}{Property}Controller

skills\dotnet\architecture\solutions\🧩validated\solution-http-api-publication.skill\Implementation\{Module}.Api.csproj.extend\Single{Entity}{Property}Controller.cs.create.md [# Rule changes / MUST NOT]
  A: - [ ] Route uses kebab-case property name
  B: - [ ] WHEN verified THEN Route uses kebab-case property name

skills\dotnet\architecture\solutions\🧩validated\solution-http-api-publication.skill\Implementation\{Module}.Api.csproj.extend\Single{Entity}{Property}Controller.cs.create.md [# Rule changes / MUST NOT]
  A: - [ ] POST dispatches `Set{Entity}{Property}Command`
  B: - [ ] DELETE dispatches `Unset{Entity}{Property}Command`

skills\dotnet\architecture\solutions\🧩validated\solution-http-api-publication.skill\Implementation\{Module}.Api.csproj.extend\Single{Entity}{Property}Controller.cs.create.md [# Rule changes / MUST NOT]
  A: - [ ] POST dispatches `Set{Entity}{Property}Command`
  B: - [ ] WHEN verified THEN POST dispatches Set{Entity}{Property}Command

skills\dotnet\architecture\solutions\🧩validated\solution-http-api-publication.skill\Implementation\{Module}.Api.csproj.extend\Single{Entity}{Property}Controller.cs.create.md [# Rule changes / MUST NOT]
  A: - [ ] DELETE dispatches `Unset{Entity}{Property}Command`
  B: - [ ] WHEN verified THEN DELETE dispatches Unset{Entity}{Property}Command

skills\dotnet\architecture\solutions\🧩validated\solution-http-api-publication.skill\Implementation\{Module}.Api.csproj.extend\Single{Entity}{Property}Controller.cs.create.md [# Rule changes / MUST NOT]
  A: - [ ] WHEN applied THEN Route: /{entity}/{id}/{property-name} — kebab-case property name
  B: - [ ] WHEN applied THEN POST /{entity}/{id}/{property} → set the property → Set{Entity}{Pr

skills\dotnet\architecture\solutions\🧩validated\solution-http-api-publication.skill\Implementation\{Module}.Api.csproj.extend\Single{Entity}{Property}Controller.cs.create.md [# Rule changes / MUST NOT]
  A: - [ ] WHEN applied THEN Route: /{entity}/{id}/{property-name} — kebab-case property name
  B: - [ ] WHEN applied THEN DELETE /{entity}/{id}/{property} → unset/clear the property → Unse

skills\dotnet\architecture\solutions\🧩validated\solution-http-api-publication.skill\Implementation\{Module}.Api.csproj.extend\Single{Entity}{Property}Controller.cs.create.md [# Rule changes / MUST NOT]
  A: - [ ] WHEN applied THEN Route: /{entity}/{id}/{property-name} — kebab-case property name
  B: - [ ] WHEN verified THEN Route uses kebab-case property name

skills\dotnet\architecture\solutions\🧩validated\solution-http-api-publication.skill\Implementation\{Module}.Api.csproj.extend\Single{Entity}{Property}Controller.cs.create.md [# Rule changes / MUST NOT]
  A: - [ ] WHEN applied THEN POST /{entity}/{id}/{property} → set the property → Set{Entity}{Pr
  B: - [ ] WHEN applied THEN DELETE /{entity}/{id}/{property} → unset/clear the property → Unse

skills\dotnet\architecture\solutions\🧩validated\solution-http-api-publication.skill\Implementation\{Module}.Api.csproj.extend\Single{Entity}{Property}Controller.cs.create.md [# Rule changes / MUST NOT]
  A: - [ ] WHEN applied THEN POST /{entity}/{id}/{property} → set the property → Set{Entity}{Pr
  B: - [ ] WHEN verified THEN POST dispatches Set{Entity}{Property}Command

skills\dotnet\architecture\solutions\🧩validated\solution-http-api-publication.skill\Implementation\{Module}.Api.csproj.extend\Single{Entity}{Property}Controller.cs.create.md [# Rule changes / MUST NOT]
  A: - [ ] WHEN applied THEN DELETE /{entity}/{id}/{property} → unset/clear the property → Unse
  B: - [ ] WHEN verified THEN DELETE dispatches Unset{Entity}{Property}Command

skills\dotnet\architecture\solutions\🧩validated\solution-http-api-publication.skill\Implementation\{Module}.Api.csproj.extend\Single{Entity}{Property}Controller.cs.create.md [# Rule changes / MUST NOT]
  A: - [ ] WHEN verified THEN Named Single{Entity}{Property}Controller
  B: - [ ] WHEN verified THEN POST dispatches Set{Entity}{Property}Command

skills\dotnet\architecture\solutions\🧩validated\solution-http-api-publication.skill\Implementation\{Module}.Api.csproj.extend\Single{Entity}{Property}Controller.cs.create.md [# Rule changes / MUST NOT]
  A: - [ ] WHEN verified THEN Named Single{Entity}{Property}Controller
  B: - [ ] WHEN verified THEN DELETE dispatches Unset{Entity}{Property}Command

skills\dotnet\architecture\solutions\🧩validated\solution-http-api-publication.skill\Implementation\{Module}.Api.csproj.extend\Single{Entity}{Property}Controller.cs.create.md [# Rule changes / MUST NOT]
  A: - [ ] WHEN verified THEN POST dispatches Set{Entity}{Property}Command
  B: - [ ] WHEN verified THEN DELETE dispatches Unset{Entity}{Property}Command

skills\dotnet\architecture\solutions\🧩validated\solution-http-api-publication.skill\Implementation\{Module}.Api.csproj.extend\Single{Entity}{Related}Controller.cs.create.md [# Rule changes / MUST NOT]
  A: - [ ] Named `Single{Entity}{Related}Controller`
  B: - [ ] WHEN verified THEN Named Single{Entity}{Related}Controller

skills\dotnet\architecture\solutions\🧩validated\solution-http-api-publication.skill\Implementation\{Module}.Api.csproj.extend\Single{Entity}{Related}Controller.cs.create.md [# Rule changes / MUST NOT]
  A: - [ ] Route uses `/{entity}/{entityId:int}/{related}/{relatedId:int}`
  B: - [ ] WHEN applied THEN Route: /{entity}/{entityId}/{related}/{relatedId}

skills\dotnet\architecture\solutions\🧩validated\solution-http-api-publication.skill\Implementation\{Module}.Api.csproj.extend\Single{Entity}{Related}Controller.cs.create.md [# Rule changes / MUST NOT]
  A: - [ ] Route uses `/{entity}/{entityId:int}/{related}/{relatedId:int}`
  B: - [ ] WHEN verified THEN Route uses /{entity}/{entityId:int}/{related}/{relatedId:int}

skills\dotnet\architecture\solutions\🧩validated\solution-http-api-publication.skill\Implementation\{Module}.Api.csproj.extend\Single{Entity}{Related}Controller.cs.create.md [# Rule changes / MUST NOT]
  A: - [ ] GET dispatches `Get{Entity}{Related}Query`
  B: - [ ] WHEN verified THEN GET dispatches Get{Entity}{Related}Query

skills\dotnet\architecture\solutions\🧩validated\solution-http-api-publication.skill\Implementation\{Module}.Api.csproj.extend\Single{Entity}{Related}Controller.cs.create.md [# Rule changes / MUST NOT]
  A: - [ ] DELETE dispatches `Remove{Entity}{Related}Command`
  B: - [ ] WHEN verified THEN DELETE dispatches Remove{Entity}{Related}Command

skills\dotnet\architecture\solutions\🧩validated\solution-http-api-publication.skill\Implementation\{Module}.Api.csproj.extend\Single{Entity}{Related}Controller.cs.create.md [# Rule changes / MUST NOT]
  A: - [ ] WHEN applied THEN Route: /{entity}/{entityId}/{related}/{relatedId}
  B: - [ ] WHEN verified THEN Route uses /{entity}/{entityId:int}/{related}/{relatedId:int}

skills\dotnet\architecture\solutions\🧩validated\solution-http-api-publication.skill\Implementation\{Module}.Api.csproj.extend\Single{Entity}{Related}Controller.cs.create.md [# Rule changes / MUST NOT]
  A: - [ ] WHEN verified THEN Named Single{Entity}{Related}Controller
  B: - [ ] WHEN verified THEN GET dispatches Get{Entity}{Related}Query

skills\dotnet\architecture\solutions\🧩validated\solution-http-api-publication.skill\Implementation\{Module}.Api.csproj.extend\Single{Entity}{Related}Controller.cs.create.md [# Rule changes / MUST NOT]
  A: - [ ] WHEN verified THEN Named Single{Entity}{Related}Controller
  B: - [ ] WHEN verified THEN DELETE dispatches Remove{Entity}{Related}Command

skills\dotnet\architecture\solutions\🧩validated\solution-http-api-publication.skill\Implementation\{Module}.Api.csproj.extend\Single{Entity}{Related}Controller.cs.create.md [# Rule changes / MUST NOT]
  A: - [ ] WHEN verified THEN GET dispatches Get{Entity}{Related}Query
  B: - [ ] WHEN verified THEN DELETE dispatches Remove{Entity}{Related}Command

skills\dotnet\architecture\solutions\🧩validated\solution-http-api-publication.skill\Implementation\{Module}.Api.csproj.extend\{Entity}Controller.cs.create.md [# Rule changes / MUST NOT]
  A: - Handle `/{entity}/{id}` routes — those belong in `Single{Entity}Controller`
  B: - [ ] WHEN applied THEN No single-entity operations here — those belong in Single{Entity}C

skills\dotnet\architecture\solutions\🧩validated\solution-http-api-publication.skill\Implementation\{Module}.Api.csproj.extend\{Entity}Controller.cs.create.md [# Rule changes / MUST NOT]
  A: - [ ] Named `{Entity}Controller`
  B: - [ ] WHEN verified THEN Named {Entity}Controller

skills\dotnet\architecture\solutions\🧩validated\solution-http-api-publication.skill\Implementation\{Module}.Api.csproj.extend\{Entity}Controller.cs.create.md [# Rule changes / MUST NOT]
  A: - [ ] Route uses kebab-case singular noun
  B: - [ ] WHEN verified THEN Route uses kebab-case singular noun

skills\dotnet\architecture\solutions\🧩validated\solution-http-api-publication.skill\Implementation\{Module}.Api.csproj.extend\{Entity}Controller.cs.create.md [# Rule changes / MUST NOT]
  A: - [ ] POST dispatches `Create{Entity}Command`
  B: - [ ] WHEN verified THEN POST dispatches Create{Entity}Command

skills\dotnet\architecture\solutions\🧩validated\solution-http-api-publication.skill\Implementation\{Module}.Api.csproj.extend\{Entity}Controller.cs.create.md [# Rule changes / MUST NOT]
  A: - [ ] GET dispatches `Get{Entities}Query`
  B: - [ ] WHEN verified THEN GET dispatches Get{Entities}Query

skills\dotnet\architecture\solutions\🧩validated\solution-http-api-publication.skill\Implementation\{Module}.Api.csproj.extend\{Entity}Controller.cs.create.md [# Rule changes / MUST NOT]
  A: - [ ] 201 Created uses `CreatedAtAction` pointing to `Single{Entity}Controller.Get`
  B: - [ ] WHEN verified THEN 201 Created uses CreatedAtAction pointing to Single{Entity}Contro

skills\dotnet\architecture\solutions\🧩validated\solution-http-api-publication.skill\Implementation\{Module}.Api.csproj.extend\{Entity}Controller.cs.create.md [# Rule changes / MUST NOT]
  A: - [ ] WHEN applied THEN Route: /{entity} — plural-free, kebab-case
  B: - [ ] WHEN verified THEN Route uses kebab-case singular noun

skills\dotnet\architecture\solutions\🧩validated\solution-http-api-publication.skill\Implementation\{Module}.Api.csproj.extend\{Entity}Controller.cs.create.md [# Rule changes / MUST NOT]
  A: - [ ] WHEN verified THEN Named {Entity}Controller
  B: - [ ] WHEN verified THEN POST dispatches Create{Entity}Command

skills\dotnet\architecture\solutions\🧩validated\solution-http-api-publication.skill\Implementation\{Module}.Api.csproj.extend\{Entity}Controller.cs.create.md [# Rule changes / MUST NOT]
  A: - [ ] WHEN verified THEN POST dispatches Create{Entity}Command
  B: - [ ] WHEN verified THEN GET dispatches Get{Entities}Query

skills\dotnet\architecture\solutions\🧩validated\solution-http-api-publication.skill\Implementation\{Module}.Api.csproj.extend\{Entity}{Related}Controller.cs.create.md [# Rule changes / MUST NOT]
  A: - [ ] Named `{Entity}{Related}Controller`
  B: - [ ] WHEN verified THEN Named {Entity}{Related}Controller

skills\dotnet\architecture\solutions\🧩validated\solution-http-api-publication.skill\Implementation\{Module}.Api.csproj.extend\{Entity}{Related}Controller.cs.create.md [# Rule changes / MUST NOT]
  A: - [ ] Route uses `/{entity}/{parentId:int}/{related}`
  B: - [ ] WHEN applied THEN Route: /{entity}/{id}/{related-entity}

skills\dotnet\architecture\solutions\🧩validated\solution-http-api-publication.skill\Implementation\{Module}.Api.csproj.extend\{Entity}{Related}Controller.cs.create.md [# Rule changes / MUST NOT]
  A: - [ ] Route uses `/{entity}/{parentId:int}/{related}`
  B: - [ ] WHEN verified THEN Route uses /{entity}/{parentId:int}/{related}

skills\dotnet\architecture\solutions\🧩validated\solution-http-api-publication.skill\Implementation\{Module}.Api.csproj.extend\{Entity}{Related}Controller.cs.create.md [# Rule changes / MUST NOT]
  A: - [ ] GET dispatches `Get{Entity}{Relateds}Query`
  B: - [ ] WHEN verified THEN GET dispatches Get{Entity}{Relateds}Query

skills\dotnet\architecture\solutions\🧩validated\solution-http-api-publication.skill\Implementation\{Module}.Api.csproj.extend\{Entity}{Related}Controller.cs.create.md [# Rule changes / MUST NOT]
  A: - [ ] POST dispatches `Add{Entity}{Related}Command`
  B: - [ ] WHEN verified THEN POST dispatches Add{Entity}{Related}Command

skills\dotnet\architecture\solutions\🧩validated\solution-http-api-publication.skill\Implementation\{Module}.Api.csproj.extend\{Entity}{Related}Controller.cs.create.md [# Rule changes / MUST NOT]
  A: - [ ] 201 Created uses `CreatedAtAction` pointing to `Single{Entity}{Related}Controller.Ge
  B: - [ ] WHEN verified THEN 201 Created uses CreatedAtAction pointing to Single{Entity}{Relat

skills\dotnet\architecture\solutions\🧩validated\solution-http-api-publication.skill\Implementation\{Module}.Api.csproj.extend\{Entity}{Related}Controller.cs.create.md [# Rule changes / MUST NOT]
  A: - [ ] WHEN applied THEN Route: /{entity}/{id}/{related-entity}
  B: - [ ] WHEN verified THEN Named {Entity}{Related}Controller

skills\dotnet\architecture\solutions\🧩validated\solution-http-api-publication.skill\Implementation\{Module}.Api.csproj.extend\{Entity}{Related}Controller.cs.create.md [# Rule changes / MUST NOT]
  A: - [ ] WHEN applied THEN Route: /{entity}/{id}/{related-entity}
  B: - [ ] WHEN verified THEN Route uses /{entity}/{parentId:int}/{related}

skills\dotnet\architecture\solutions\🧩validated\solution-http-api-publication.skill\Implementation\{Module}.Api.csproj.extend\{Entity}{Related}Controller.cs.create.md [# Rule changes / MUST NOT]
  A: - [ ] WHEN verified THEN Named {Entity}{Related}Controller
  B: - [ ] WHEN verified THEN Route uses /{entity}/{parentId:int}/{related}

skills\dotnet\architecture\solutions\🧩validated\solution-http-api-publication.skill\Implementation\{Module}.Api.csproj.extend\{Entity}{Related}Controller.cs.create.md [# Rule changes / MUST NOT]
  A: - [ ] WHEN verified THEN Named {Entity}{Related}Controller
  B: - [ ] WHEN verified THEN GET dispatches Get{Entity}{Relateds}Query

skills\dotnet\architecture\solutions\🧩validated\solution-http-api-publication.skill\Implementation\{Module}.Api.csproj.extend\{Entity}{Related}Controller.cs.create.md [# Rule changes / MUST NOT]
  A: - [ ] WHEN verified THEN Named {Entity}{Related}Controller
  B: - [ ] WHEN verified THEN POST dispatches Add{Entity}{Related}Command

skills\dotnet\architecture\solutions\🧩validated\solution-http-api-publication.skill\Implementation\{Module}.Api.csproj.extend\{Entity}{Related}Controller.cs.create.md [# Rule changes / MUST NOT]
  A: - [ ] WHEN verified THEN Route uses /{entity}/{parentId:int}/{related}
  B: - [ ] WHEN verified THEN POST dispatches Add{Entity}{Related}Command

skills\dotnet\architecture\solutions\🧩validated\solution-http-api-publication.skill\Implementation\{Module}.Api.csproj.extend\{Entity}{Related}Controller.cs.create.md [# Rule changes / MUST NOT]
  A: - [ ] WHEN verified THEN GET dispatches Get{Entity}{Relateds}Query
  B: - [ ] WHEN verified THEN POST dispatches Add{Entity}{Related}Command

skills\dotnet\architecture\solutions\🧩validated\solution-http-api-publication.skill\Implementation\{Module}.Api.csproj.extend\{System}Endpoints.cs.create.md [# Rule changes / MUST NOT]
  A: - [ ] Named `{System}Endpoints`
  B: - [ ] WHEN verified THEN Named {System}Endpoints

skills\dotnet\architecture\solutions\🧩validated\solution-http-api-publication.skill\Implementation\{Module}.Api.csproj.extend\{System}Endpoints.cs.create.md [# Rule changes / MUST NOT]
  A: - [ ] Extension method on `IEndpointRouteBuilder`
  B: - [ ] WHEN verified THEN Extension method on IEndpointRouteBuilder

skills\dotnet\architecture\solutions\🧩validated\solution-http-api-publication.skill\Implementation\{Module}.Api.csproj.extend\{System}Endpoints.cs.create.md [# Rule changes / MUST NOT]
  A: - [ ] Each endpoint dispatches exactly one command or query
  B: - [ ] WHEN verified THEN Each endpoint dispatches exactly one command or query

skills\dotnet\architecture\solutions\🧩validated\solution-http-api-publication.skill\Implementation\{Module}.Api.csproj.extend\{System}Endpoints.cs.create.md [# Rule changes / MUST NOT]
  A: - [ ] Error responses use `Results.Problem` or `Results.BadRequest`
  B: - [ ] WHEN verified THEN Error responses use Results.Problem or Results.BadRequest

skills\dotnet\architecture\solutions\🧩validated\solution-http-api-publication.skill\Implementation\{Module}.Api.csproj.extend\{System}Endpoints.cs.create.md [# Rule changes / MUST NOT]
  A: - [ ] Unexpected `ResultStatus` throws `InvalidOperationException`
  B: - [ ] WHEN verified THEN Unexpected ResultStatus throws InvalidOperationException

skills\dotnet\architecture\solutions\🧩validated\solution-http-api-publication.skill\Implementation\{Module}.Api.csproj.extend\{System}Endpoints.cs.create.md [# Rule changes / MUST NOT]
  A: - [ ] WHEN applied THEN Still dispatches exactly one MediatR command or query per endpoint
  B: - [ ] WHEN verified THEN Each endpoint dispatches exactly one command or query

skills\dotnet\architecture\solutions\🧩validated\solution-http-api-publication.skill\solution-http-api-publication.skill.md [# Rules / MUST]
  A: - [[./Implementation/{Module}.Api.csproj.extend.md#MUST|{Module}.Api.csproj.extend]]
  B: - [[./Implementation/{Module}.Api.csproj.extend/ResultExtensions.cs.create.md#MUST|ResultE

skills\dotnet\architecture\solutions\🧩validated\solution-http-api-publication.skill\solution-http-api-publication.skill.md [# Rules / MUST]
  A: - [[./Implementation/{Module}.Api.csproj.extend.md#MUST|{Module}.Api.csproj.extend]]
  B: - [[./Implementation/{Module}.Api.csproj.extend/{Entity}Controller.cs.create.md#MUST|{Enti

skills\dotnet\architecture\solutions\🧩validated\solution-http-api-publication.skill\solution-http-api-publication.skill.md [# Rules / MUST]
  A: - [[./Implementation/{Module}.Api.csproj.extend.md#MUST|{Module}.Api.csproj.extend]]
  B: - [[./Implementation/{Module}.Api.csproj.extend/{System}Endpoints.cs.create.md#MUST|{Syste

skills\dotnet\architecture\solutions\🧩validated\solution-http-api-publication.skill\solution-http-api-publication.skill.md [# Rules / MUST]
  A: - [[./Implementation/{Module}.Api.csproj.extend/ResultExtensions.cs.create.md#MUST|ResultE
  B: - [[./Implementation/{Module}.Api.csproj.extend/Single{Entity}Controller.cs.create.md#MUST

skills\dotnet\architecture\solutions\🧩validated\solution-http-api-publication.skill\solution-http-api-publication.skill.md [# Rules / MUST]
  A: - [[./Implementation/{Module}.Api.csproj.extend/ResultExtensions.cs.create.md#MUST|ResultE
  B: - [[./Implementation/{Module}.Api.csproj.extend/Single{Entity}{Property}Controller.cs.crea

skills\dotnet\architecture\solutions\🧩validated\solution-http-api-publication.skill\solution-http-api-publication.skill.md [# Rules / MUST]
  A: - [[./Implementation/{Module}.Api.csproj.extend/ResultExtensions.cs.create.md#MUST|ResultE
  B: - [[./Implementation/{Module}.Api.csproj.extend/Single{Entity}{Related}Controller.cs.creat

skills\dotnet\architecture\solutions\🧩validated\solution-http-api-publication.skill\solution-http-api-publication.skill.md [# Rules / MUST]
  A: - [[./Implementation/{Module}.Api.csproj.extend/ResultExtensions.cs.create.md#MUST|ResultE
  B: - [[./Implementation/{Module}.Api.csproj.extend/{Entity}Controller.cs.create.md#MUST|{Enti

skills\dotnet\architecture\solutions\🧩validated\solution-http-api-publication.skill\solution-http-api-publication.skill.md [# Rules / MUST]
  A: - [[./Implementation/{Module}.Api.csproj.extend/ResultExtensions.cs.create.md#MUST|ResultE
  B: - [[./Implementation/{Module}.Api.csproj.extend/{Entity}{Related}Controller.cs.create.md#M

skills\dotnet\architecture\solutions\🧩validated\solution-http-api-publication.skill\solution-http-api-publication.skill.md [# Rules / MUST]
  A: - [[./Implementation/{Module}.Api.csproj.extend/ResultExtensions.cs.create.md#MUST|ResultE
  B: - [[./Implementation/{Module}.Api.csproj.extend/{System}Endpoints.cs.create.md#MUST|{Syste

skills\dotnet\architecture\solutions\🧩validated\solution-http-api-publication.skill\solution-http-api-publication.skill.md [# Rules / MUST]
  A: - [[./Implementation/{Module}.Api.csproj.extend/Single{Entity}Controller.cs.create.md#MUST
  B: - [[./Implementation/{Module}.Api.csproj.extend/Single{Entity}{Property}Controller.cs.crea

skills\dotnet\architecture\solutions\🧩validated\solution-http-api-publication.skill\solution-http-api-publication.skill.md [# Rules / MUST]
  A: - [[./Implementation/{Module}.Api.csproj.extend/Single{Entity}Controller.cs.create.md#MUST
  B: - [[./Implementation/{Module}.Api.csproj.extend/Single{Entity}{Related}Controller.cs.creat

skills\dotnet\architecture\solutions\🧩validated\solution-http-api-publication.skill\solution-http-api-publication.skill.md [# Rules / MUST]
  A: - [[./Implementation/{Module}.Api.csproj.extend/Single{Entity}Controller.cs.create.md#MUST
  B: - [[./Implementation/{Module}.Api.csproj.extend/{Entity}Controller.cs.create.md#MUST|{Enti

skills\dotnet\architecture\solutions\🧩validated\solution-http-api-publication.skill\solution-http-api-publication.skill.md [# Rules / MUST]
  A: - [[./Implementation/{Module}.Api.csproj.extend/Single{Entity}Controller.cs.create.md#MUST
  B: - [[./Implementation/{Module}.Api.csproj.extend/{Entity}{Related}Controller.cs.create.md#M

skills\dotnet\architecture\solutions\🧩validated\solution-http-api-publication.skill\solution-http-api-publication.skill.md [# Rules / MUST]
  A: - [[./Implementation/{Module}.Api.csproj.extend/Single{Entity}Controller.cs.create.md#MUST
  B: - [[./Implementation/{Module}.Api.csproj.extend/{System}Endpoints.cs.create.md#MUST|{Syste

skills\dotnet\architecture\solutions\🧩validated\solution-http-api-publication.skill\solution-http-api-publication.skill.md [# Rules / MUST]
  A: - [[./Implementation/{Module}.Api.csproj.extend/Single{Entity}{Property}Controller.cs.crea
  B: - [[./Implementation/{Module}.Api.csproj.extend/Single{Entity}{Related}Controller.cs.creat

skills\dotnet\architecture\solutions\🧩validated\solution-http-api-publication.skill\solution-http-api-publication.skill.md [# Rules / MUST]
  A: - [[./Implementation/{Module}.Api.csproj.extend/Single{Entity}{Property}Controller.cs.crea
  B: - [[./Implementation/{Module}.Api.csproj.extend/{Entity}Controller.cs.create.md#MUST|{Enti

skills\dotnet\architecture\solutions\🧩validated\solution-http-api-publication.skill\solution-http-api-publication.skill.md [# Rules / MUST]
  A: - [[./Implementation/{Module}.Api.csproj.extend/Single{Entity}{Property}Controller.cs.crea
  B: - [[./Implementation/{Module}.Api.csproj.extend/{Entity}{Related}Controller.cs.create.md#M

skills\dotnet\architecture\solutions\🧩validated\solution-http-api-publication.skill\solution-http-api-publication.skill.md [# Rules / MUST]
  A: - [[./Implementation/{Module}.Api.csproj.extend/Single{Entity}{Property}Controller.cs.crea
  B: - [[./Implementation/{Module}.Api.csproj.extend/{System}Endpoints.cs.create.md#MUST|{Syste

skills\dotnet\architecture\solutions\🧩validated\solution-http-api-publication.skill\solution-http-api-publication.skill.md [# Rules / MUST]
  A: - [[./Implementation/{Module}.Api.csproj.extend/Single{Entity}{Related}Controller.cs.creat
  B: - [[./Implementation/{Module}.Api.csproj.extend/{Entity}Controller.cs.create.md#MUST|{Enti

skills\dotnet\architecture\solutions\🧩validated\solution-http-api-publication.skill\solution-http-api-publication.skill.md [# Rules / MUST]
  A: - [[./Implementation/{Module}.Api.csproj.extend/Single{Entity}{Related}Controller.cs.creat
  B: - [[./Implementation/{Module}.Api.csproj.extend/{Entity}{Related}Controller.cs.create.md#M

skills\dotnet\architecture\solutions\🧩validated\solution-http-api-publication.skill\solution-http-api-publication.skill.md [# Rules / MUST]
  A: - [[./Implementation/{Module}.Api.csproj.extend/Single{Entity}{Related}Controller.cs.creat
  B: - [[./Implementation/{Module}.Api.csproj.extend/{System}Endpoints.cs.create.md#MUST|{Syste

skills\dotnet\architecture\solutions\🧩validated\solution-http-api-publication.skill\solution-http-api-publication.skill.md [# Rules / MUST]
  A: - [[./Implementation/{Module}.Api.csproj.extend/{Entity}Controller.cs.create.md#MUST|{Enti
  B: - [[./Implementation/{Module}.Api.csproj.extend/{Entity}{Related}Controller.cs.create.md#M

skills\dotnet\architecture\solutions\🧩validated\solution-http-api-publication.skill\solution-http-api-publication.skill.md [# Rules / MUST]
  A: - [[./Implementation/{Module}.Api.csproj.extend/{Entity}Controller.cs.create.md#MUST|{Enti
  B: - [[./Implementation/{Module}.Api.csproj.extend/{System}Endpoints.cs.create.md#MUST|{Syste

skills\dotnet\architecture\solutions\🧩validated\solution-http-api-publication.skill\solution-http-api-publication.skill.md [# Rules / MUST]
  A: - [[./Implementation/{Module}.Api.csproj.extend/{Entity}{Related}Controller.cs.create.md#M
  B: - [[./Implementation/{Module}.Api.csproj.extend/{System}Endpoints.cs.create.md#MUST|{Syste

skills\dotnet\architecture\solutions\🧩validated\solution-http-api-publication.skill\solution-http-api-publication.skill.md [# Rules / MUST NOT]
  A: - [[./Implementation/App.Host.csproj.extend.md#MUST NOT|App.Host.csproj.extend]]
  B: - [[./Implementation/App.Host.csproj.extend/ApiRegistration.cs.create.md#MUST NOT|ApiRegis

skills\dotnet\architecture\solutions\🧩validated\solution-http-api-publication.skill\solution-http-api-publication.skill.md [# Rules / MUST NOT]
  A: - [[./Implementation/{Module}.Api.csproj.extend.md#MUST NOT|{Module}.Api.csproj.extend]]
  B: - [[./Implementation/{Module}.Api.csproj.extend/ResultExtensions.cs.create.md#MUST NOT|Res

skills\dotnet\architecture\solutions\🧩validated\solution-http-api-publication.skill\solution-http-api-publication.skill.md [# Rules / MUST NOT]
  A: - [[./Implementation/{Module}.Api.csproj.extend.md#MUST NOT|{Module}.Api.csproj.extend]]
  B: - [[./Implementation/{Module}.Api.csproj.extend/{Entity}Controller.cs.create.md#MUST NOT|{

skills\dotnet\architecture\solutions\🧩validated\solution-http-api-publication.skill\solution-http-api-publication.skill.md [# Rules / MUST NOT]
  A: - [[./Implementation/{Module}.Api.csproj.extend.md#MUST NOT|{Module}.Api.csproj.extend]]
  B: - [[./Implementation/{Module}.Api.csproj.extend/{Entity}{Related}Controller.cs.create.md#M

skills\dotnet\architecture\solutions\🧩validated\solution-http-api-publication.skill\solution-http-api-publication.skill.md [# Rules / MUST NOT]
  A: - [[./Implementation/{Module}.Api.csproj.extend.md#MUST NOT|{Module}.Api.csproj.extend]]
  B: - [[./Implementation/{Module}.Api.csproj.extend/{System}Endpoints.cs.create.md#MUST NOT|{S

skills\dotnet\architecture\solutions\🧩validated\solution-http-api-publication.skill\solution-http-api-publication.skill.md [# Rules / MUST NOT]
  A: - [[./Implementation/{Module}.Api.csproj.extend/ResultExtensions.cs.create.md#MUST NOT|Res
  B: - [[./Implementation/{Module}.Api.csproj.extend/Single{Entity}Controller.cs.create.md#MUST

skills\dotnet\architecture\solutions\🧩validated\solution-http-api-publication.skill\solution-http-api-publication.skill.md [# Rules / MUST NOT]
  A: - [[./Implementation/{Module}.Api.csproj.extend/ResultExtensions.cs.create.md#MUST NOT|Res
  B: - [[./Implementation/{Module}.Api.csproj.extend/Single{Entity}{Property}Controller.cs.crea

skills\dotnet\architecture\solutions\🧩validated\solution-http-api-publication.skill\solution-http-api-publication.skill.md [# Rules / MUST NOT]
  A: - [[./Implementation/{Module}.Api.csproj.extend/ResultExtensions.cs.create.md#MUST NOT|Res
  B: - [[./Implementation/{Module}.Api.csproj.extend/Single{Entity}{Related}Controller.cs.creat

skills\dotnet\architecture\solutions\🧩validated\solution-http-api-publication.skill\solution-http-api-publication.skill.md [# Rules / MUST NOT]
  A: - [[./Implementation/{Module}.Api.csproj.extend/ResultExtensions.cs.create.md#MUST NOT|Res
  B: - [[./Implementation/{Module}.Api.csproj.extend/{Entity}Controller.cs.create.md#MUST NOT|{

skills\dotnet\architecture\solutions\🧩validated\solution-http-api-publication.skill\solution-http-api-publication.skill.md [# Rules / MUST NOT]
  A: - [[./Implementation/{Module}.Api.csproj.extend/ResultExtensions.cs.create.md#MUST NOT|Res
  B: - [[./Implementation/{Module}.Api.csproj.extend/{Entity}{Related}Controller.cs.create.md#M

skills\dotnet\architecture\solutions\🧩validated\solution-http-api-publication.skill\solution-http-api-publication.skill.md [# Rules / MUST NOT]
  A: - [[./Implementation/{Module}.Api.csproj.extend/ResultExtensions.cs.create.md#MUST NOT|Res
  B: - [[./Implementation/{Module}.Api.csproj.extend/{System}Endpoints.cs.create.md#MUST NOT|{S

skills\dotnet\architecture\solutions\🧩validated\solution-http-api-publication.skill\solution-http-api-publication.skill.md [# Rules / MUST NOT]
  A: - [[./Implementation/{Module}.Api.csproj.extend/Single{Entity}Controller.cs.create.md#MUST
  B: - [[./Implementation/{Module}.Api.csproj.extend/Single{Entity}{Property}Controller.cs.crea

skills\dotnet\architecture\solutions\🧩validated\solution-http-api-publication.skill\solution-http-api-publication.skill.md [# Rules / MUST NOT]
  A: - [[./Implementation/{Module}.Api.csproj.extend/Single{Entity}Controller.cs.create.md#MUST
  B: - [[./Implementation/{Module}.Api.csproj.extend/Single{Entity}{Related}Controller.cs.creat

skills\dotnet\architecture\solutions\🧩validated\solution-http-api-publication.skill\solution-http-api-publication.skill.md [# Rules / MUST NOT]
  A: - [[./Implementation/{Module}.Api.csproj.extend/Single{Entity}Controller.cs.create.md#MUST
  B: - [[./Implementation/{Module}.Api.csproj.extend/{Entity}Controller.cs.create.md#MUST NOT|{

skills\dotnet\architecture\solutions\🧩validated\solution-http-api-publication.skill\solution-http-api-publication.skill.md [# Rules / MUST NOT]
  A: - [[./Implementation/{Module}.Api.csproj.extend/Single{Entity}Controller.cs.create.md#MUST
  B: - [[./Implementation/{Module}.Api.csproj.extend/{Entity}{Related}Controller.cs.create.md#M

skills\dotnet\architecture\solutions\🧩validated\solution-http-api-publication.skill\solution-http-api-publication.skill.md [# Rules / MUST NOT]
  A: - [[./Implementation/{Module}.Api.csproj.extend/Single{Entity}Controller.cs.create.md#MUST
  B: - [[./Implementation/{Module}.Api.csproj.extend/{System}Endpoints.cs.create.md#MUST NOT|{S

skills\dotnet\architecture\solutions\🧩validated\solution-http-api-publication.skill\solution-http-api-publication.skill.md [# Rules / MUST NOT]
  A: - [[./Implementation/{Module}.Api.csproj.extend/Single{Entity}{Property}Controller.cs.crea
  B: - [[./Implementation/{Module}.Api.csproj.extend/Single{Entity}{Related}Controller.cs.creat

skills\dotnet\architecture\solutions\🧩validated\solution-http-api-publication.skill\solution-http-api-publication.skill.md [# Rules / MUST NOT]
  A: - [[./Implementation/{Module}.Api.csproj.extend/Single{Entity}{Property}Controller.cs.crea
  B: - [[./Implementation/{Module}.Api.csproj.extend/{Entity}Controller.cs.create.md#MUST NOT|{

skills\dotnet\architecture\solutions\🧩validated\solution-http-api-publication.skill\solution-http-api-publication.skill.md [# Rules / MUST NOT]
  A: - [[./Implementation/{Module}.Api.csproj.extend/Single{Entity}{Property}Controller.cs.crea
  B: - [[./Implementation/{Module}.Api.csproj.extend/{Entity}{Related}Controller.cs.create.md#M

skills\dotnet\architecture\solutions\🧩validated\solution-http-api-publication.skill\solution-http-api-publication.skill.md [# Rules / MUST NOT]
  A: - [[./Implementation/{Module}.Api.csproj.extend/Single{Entity}{Property}Controller.cs.crea
  B: - [[./Implementation/{Module}.Api.csproj.extend/{System}Endpoints.cs.create.md#MUST NOT|{S

skills\dotnet\architecture\solutions\🧩validated\solution-http-api-publication.skill\solution-http-api-publication.skill.md [# Rules / MUST NOT]
  A: - [[./Implementation/{Module}.Api.csproj.extend/Single{Entity}{Related}Controller.cs.creat
  B: - [[./Implementation/{Module}.Api.csproj.extend/{Entity}Controller.cs.create.md#MUST NOT|{

skills\dotnet\architecture\solutions\🧩validated\solution-http-api-publication.skill\solution-http-api-publication.skill.md [# Rules / MUST NOT]
  A: - [[./Implementation/{Module}.Api.csproj.extend/Single{Entity}{Related}Controller.cs.creat
  B: - [[./Implementation/{Module}.Api.csproj.extend/{Entity}{Related}Controller.cs.create.md#M

skills\dotnet\architecture\solutions\🧩validated\solution-http-api-publication.skill\solution-http-api-publication.skill.md [# Rules / MUST NOT]
  A: - [[./Implementation/{Module}.Api.csproj.extend/Single{Entity}{Related}Controller.cs.creat
  B: - [[./Implementation/{Module}.Api.csproj.extend/{System}Endpoints.cs.create.md#MUST NOT|{S

skills\dotnet\architecture\solutions\🧩validated\solution-http-api-publication.skill\solution-http-api-publication.skill.md [# Rules / MUST NOT]
  A: - [[./Implementation/{Module}.Api.csproj.extend/{Entity}Controller.cs.create.md#MUST NOT|{
  B: - [[./Implementation/{Module}.Api.csproj.extend/{Entity}{Related}Controller.cs.create.md#M

skills\dotnet\architecture\solutions\🧩validated\solution-http-api-publication.skill\solution-http-api-publication.skill.md [# Rules / MUST NOT]
  A: - [[./Implementation/{Module}.Api.csproj.extend/{Entity}Controller.cs.create.md#MUST NOT|{
  B: - [[./Implementation/{Module}.Api.csproj.extend/{System}Endpoints.cs.create.md#MUST NOT|{S

skills\dotnet\architecture\solutions\🧩validated\solution-http-api-publication.skill\solution-http-api-publication.skill.md [# Rules / MUST NOT]
  A: - [[./Implementation/{Module}.Api.csproj.extend/{Entity}{Related}Controller.cs.create.md#M
  B: - [[./Implementation/{Module}.Api.csproj.extend/{System}Endpoints.cs.create.md#MUST NOT|{S

skills\dotnet\architecture\solutions\🧩validated\solution-http-api-publication.skill\solution-http-api-publication.skill.md [# Rules / MUST NOT]
  A: - Minimal API used for entity CRUD — entity lifecycle belongs in typed controllers
  B: - [ ] Minimal API used only for non-entity-lifecycle operations

skills\dotnet\architecture\solutions\🧩validated\solution-http-api-publication.skill\solution-http-api-publication.skill.md [# Rules / MUST NOT]
  A: - [ ] `App.Host` registers one `SwaggerDoc` per module
  B: - [ ] `UseSwaggerUI` registers one `SwaggerEndpoint` per module

skills\dotnet\architecture\solutions\🧩validated\solution-pipeline-registration-order.skill\Implementation\App.Host.csproj.extend\PipelineRegistration.cs.extend.md [# Rule changes / MUST]
  A: - Behaviors registered in this exact order:
  B: - Behaviors registered in this exact execution order:

skills\dotnet\architecture\solutions\🧩validated\solution-pipeline-registration-order.skill\Implementation\App.Host.csproj.extend\PipelineRegistration.cs.extend.md [# Rule changes / MUST]
  A: - All behavior registrations use `services.AddTransient(typeof(IPipelineBehavior<,>), type
  B: - All behaviors registered inside `AddPipeline()` using `services.AddTransient(typeof(IPip

skills\dotnet\architecture\solutions\🧩validated\solution-pipeline-registration-order.skill\Implementation\App.Host.csproj.extend\PipelineRegistration.cs.extend.md [# Rule changes / SHOULD]
  A: - [ ] WHEN command is invalid THEN `ValidationBehavior` short-circuits before other behavi
  B: - [ ] WHEN duplicate Guid is sent THEN `GuidResolvingBehavior` short-circuits before `Conc

skills\dotnet\architecture\solutions\🧩validated\solution-pipeline-registration-order.skill\Implementation\App.Host.csproj.extend\PipelineRegistration.cs.extend.md [# Rule changes / SHOULD]
  A: - [ ] WHEN duplicate Guid is sent THEN `GuidResolvingBehavior` short-circuits before `Conc
  B: - [ ] WHEN version mismatch occurs THEN `ConcurrencyBehavior` short-circuits before `UnitO

skills\dotnet\architecture\solutions\🧩validated\solution-pipeline-registration-order.skill\Implementation\App.Host.csproj.extend.md [# Rules / MUST NOT]
  A: - Register `IPipelineBehavior<,>` directly in `Program.cs`
  B: - Registering behaviors directly in `Program.cs`

skills\dotnet\architecture\solutions\🧩validated\solution-pipeline-registration-order.skill\Implementation\App.Host.csproj.extend.md [# Rules / MUST NOT]
  A: - Register `IPipelineBehavior<,>` directly in `Program.cs`
  B: - [ ] No direct `IPipelineBehavior<,>` registration in `Program.cs`

skills\dotnet\architecture\solutions\🧩validated\solution-pipeline-registration-order.skill\solution-pipeline-registration-order.skill.md [# Rules / MUST]
  A: - [[./Implementation/App.Host.csproj.extend.md#MUST|App.Host.csproj.extend]]
  B: - [[./Implementation/App.Host.csproj.extend/PipelineRegistration.cs.extend.md#MUST|Pipelin

skills\dotnet\architecture\solutions\🧩validated\solution-pipeline-registration-order.skill\solution-pipeline-registration-order.skill.md [# Rules / MUST NOT]
  A: - [[./Implementation/App.Host.csproj.extend.md#MUST NOT|App.Host.csproj.extend]]
  B: - [[./Implementation/App.Host.csproj.extend/PipelineRegistration.cs.extend.md#MUST NOT|Pip

skills\dotnet\architecture\solutions\🧩validated\solution-pipeline-registration-order.skill\solution-pipeline-registration-order.skill.md [# Rules / MUST NOT]
  A: - Change pipeline order in multiple files
  B: - Pipeline order scattered across multiple files

skills\dotnet\architecture\solutions\🧩validated\solution-pipeline-registration-order.skill\solution-pipeline-registration-order.skill.md [# Rules / MUST NOT]
  A: - `UnitOfWorkBehavior` registered before `ValidationBehavior` — invalid commands would ope
  B: - `GuidResolvingBehavior` registered before `ValidationBehavior` — invalid commands would 

skills\dotnet\architecture\solutions\🧩validated\solution-pipeline-registration.skill\Implementation\App.Host.csproj.extend\PipelineRegistration.cs.create.md [# Rule changes / MUST]
  A: - `PipelineRegistration` defined as a static class in `App.Host/DependencyInjection/Pipeli
  B: - `PipelineRegistration.cs` defined in `App.Host/DependencyInjection/PipelineRegistration.

skills\dotnet\architecture\solutions\🧩validated\solution-pipeline-registration.skill\Implementation\App.Host.csproj.extend\PipelineRegistration.cs.create.md [# Rule changes / SHOULD]
  A: - [ ] WHEN applied THEN `AddPipeline()` extends `IServiceCollection`
  B: - [ ] WHEN applied THEN `AddPipeline()` returns the same `IServiceCollection` instance

skills\dotnet\architecture\solutions\🧩validated\solution-pipeline-registration.skill\Implementation\App.Host.csproj.extend.md [# Rules / MUST NOT]
  A: - Register `IPipelineBehavior<,>` directly in `Program.cs`
  B: - Registering behaviors directly in `Program.cs`

skills\dotnet\architecture\solutions\🧩validated\solution-pipeline-registration.skill\Implementation\App.Host.csproj.extend.md [# Rules / MUST NOT]
  A: - Register `IPipelineBehavior<,>` directly in `Program.cs`
  B: - [ ] No direct `IPipelineBehavior<,>` registration in `Program.cs`

skills\dotnet\architecture\solutions\🧩validated\solution-pipeline-registration.skill\solution-pipeline-registration.skill.md [# Rules / MUST NOT]
  A: - [[./Implementation/App.Host.csproj.extend.md#MUST NOT|App.Host.csproj.extend]]
  B: - [[./Implementation/App.Host.csproj.extend/PipelineRegistration.cs.create.md#MUST NOT|Pip

skills\dotnet\architecture\solutions\🧩validated\solution-pipeline-registration.skill\solution-pipeline-registration.skill.md [# Rules / MUST NOT]
  A: - Change pipeline order in multiple files
  B: - Pipeline order scattered across multiple files

skills\dotnet\architecture\solutions\🧩validated\solution-query-integration.skill\Implementation\App.Host.csproj.extend.md [# Rules / MUST]
  A: - `RegisterAppQueries()` called from App.Host
  B: - `RegisterAppQueries()` called from App.Host — after all module registrations

skills\dotnet\architecture\solutions\🧩validated\solution-query-integration.skill\Implementation\App.Host.csproj.extend.md [# Rules / MUST]
  A: - Called after all module registrations — App.Queries depends on module entity types
  B: - `RegisterAppQueries()` called from App.Host — after all module registrations

skills\dotnet\architecture\solutions\🧩validated\solution-query-integration.skill\Implementation\App.Host.csproj.extend.md [# Rules / MUST NOT]
  A: - Call `RegisterAppQueries()` from inside any module registration method
  B: - [ ] Not called from within any module registration method

skills\dotnet\architecture\solutions\🧩validated\solution-query-integration.skill\Implementation\App.Queries.csproj.extend\CrossModuleQueryHandler.cs.create.md [# Rule changes / MUST]
  A: - Apply `AsNoTracking()` on all queries
  B: - Cross-module handlers apply `AsNoTracking()` on all queries

skills\dotnet\architecture\solutions\🧩validated\solution-query-integration.skill\Implementation\App.Queries.csproj.extend\CrossModuleQueryHandler.cs.create.md [# Rule changes / MUST NOT]
  A: - Cross-module handlers do not use `Include()` — all mapping is done in handler via `Selec
  B: - [ ] WHEN applied THEN Does **not** use Include() — all custom mapping is performed in th

skills\dotnet\architecture\solutions\🧩validated\solution-query-integration.skill\Implementation\App.Queries.csproj.extend.md [# Rules / MUST]
  A: - All cross-module JOIN handlers live in `/App.Queries/Queries/{QueryName}/`
  B: - Cross-module handlers in `/App.Queries/Queries/{QueryName}` — inject DbContext directly

skills\dotnet\architecture\solutions\🧩validated\solution-query-integration.skill\Implementation\Shared.csproj.extend\IQuery.cs.create.md [# Rule changes / MUST]
  A: - All query records implement `IQuery<Result<T>>` — not `IRequest<T>` directly
  B: - All queries implement `IQuery<Result<T>>` — not `IRequest<T>` directly

skills\dotnet\architecture\solutions\🧩validated\solution-query-integration.skill\Implementation\Shared.csproj.extend\IQuery.cs.create.md [# Rule changes / MUST]
  A: - Defined in Shared — never in BuildingBlocks or any module project
  B: - `IQuery<TResponse>` defined in Shared — not BuildingBlocks, not any module

skills\dotnet\architecture\solutions\🧩validated\solution-query-integration.skill\Implementation\Shared.csproj.extend\IQuery.cs.create.md [# Rule changes / MUST NOT]
  A: - `IQuery` extend `ICommand` — queries must remain distinct from write-side markers
  B: - [ ] WHEN applied THEN Does NOT extend ICommand — queries are read-only operations and mu

skills\dotnet\architecture\solutions\🧩validated\solution-query-integration.skill\Implementation\{Module}.Interfaces.csproj.extend\{Dto}.cs.create.md [# Rule changes / MUST]
  A: - Declared as `record`
  B: - DTOs declared as `record` in `/{Module}.Interfaces/DTOs`

skills\dotnet\architecture\solutions\🧩validated\solution-query-integration.skill\Implementation\{Module}.Interfaces.csproj.extend\{Dto}.cs.create.md [# Rule changes / MUST]
  A: - Declared in `/{Module}.Interfaces/DTOs`
  B: - DTOs declared as `record` in `/{Module}.Interfaces/DTOs`

skills\dotnet\architecture\solutions\🧩validated\solution-query-integration.skill\Implementation\{Module}.Interfaces.csproj.extend\{Dto}.cs.create.md [# Rule changes / MUST NOT]
  A: - Expose domain entity types as properties
  B: - DTOs expose domain entity types

skills\dotnet\architecture\solutions\🧩validated\solution-query-integration.skill\Implementation\{Module}.Interfaces.csproj.extend\{Dto}.cs.create.md [# Rule changes / MUST NOT]
  A: - [ ] WHEN naming 'Full entity detail' THEN pattern matches convention
  B: - [ ] WHEN naming 'List item / summary' THEN pattern matches convention

skills\dotnet\architecture\solutions\🧩validated\solution-query-integration.skill\Implementation\{Module}.Interfaces.csproj.extend\{Dto}.cs.create.md [# Rule changes / MUST NOT]
  A: - [ ] WHEN naming 'Full entity detail' THEN pattern matches convention
  B: - [ ] WHEN naming 'Cross-module projection' THEN pattern matches convention

skills\dotnet\architecture\solutions\🧩validated\solution-query-integration.skill\Implementation\{Module}.Interfaces.csproj.extend\{Dto}.cs.create.md [# Rule changes / MUST NOT]
  A: - [ ] WHEN naming 'List item / summary' THEN pattern matches convention
  B: - [ ] WHEN naming 'Cross-module projection' THEN pattern matches convention

skills\dotnet\architecture\solutions\🧩validated\solution-query-integration.skill\Implementation\{Module}.Interfaces.csproj.extend\{Query}.cs.create.md [# Rule changes / MUST NOT]
  A: - [ ] WHEN naming 'Get single entity' THEN pattern matches convention
  B: - [ ] WHEN naming 'Get collection' THEN pattern matches convention

skills\dotnet\architecture\solutions\🧩validated\solution-query-integration.skill\Implementation\{Module}.Interfaces.csproj.extend\{Query}.cs.create.md [# Rule changes / MUST NOT]
  A: - [ ] WHEN naming 'Get single entity' THEN pattern matches convention
  B: - [ ] WHEN naming 'Cross-module JOIN' THEN pattern matches convention

skills\dotnet\architecture\solutions\🧩validated\solution-query-integration.skill\Implementation\{Module}.Interfaces.csproj.extend\{Query}.cs.create.md [# Rule changes / MUST NOT]
  A: - [ ] WHEN naming 'Get collection' THEN pattern matches convention
  B: - [ ] WHEN naming 'Cross-module JOIN' THEN pattern matches convention

skills\dotnet\architecture\solutions\🧩validated\solution-query-integration.skill\Implementation\{Module}.Interfaces.csproj.extend.md [# Rules / MUST]
  A: - All queries for this module declared in `/{Module}.Interfaces/Queries`
  B: - All DTOs for this module declared in `/{Module}.Interfaces/DTOs`

skills\dotnet\architecture\solutions\🧩validated\solution-query-integration.skill\Implementation\{Module}.Interfaces.csproj.extend.md [# Rules / MUST NOT]
  A: - DTOs expose domain entity types — projection shapes only
  B: - [ ] No domain entity types referenced in DTOs

skills\dotnet\architecture\solutions\🧩validated\solution-query-integration.skill\Implementation\{Module}.Interfaces.csproj.extend.md [# Rules / MUST NOT]
  A: - [ ] `/{Module}.Interfaces/Queries` folder exists
  B: - [ ] `/{Module}.Interfaces/DTOs` folder exists

skills\dotnet\architecture\solutions\🧩validated\solution-query-integration.skill\solution-query-integration.skill.md [# Rules / MUST]
  A: - [[./Implementation/App.Host.csproj.extend.md#MUST|App.Host.csproj.extend]]
  B: - [[./Implementation/App.Queries.csproj.extend.md#MUST|App.Queries.csproj.extend]]

skills\dotnet\architecture\solutions\🧩validated\solution-query-integration.skill\solution-query-integration.skill.md [# Rules / MUST]
  A: - [[./Implementation/App.Queries.csproj.extend/AppQueriesRegistration.cs.create.md#MUST|Ap
  B: - [[./Implementation/App.Queries.csproj.extend/CrossModuleQueryHandler.cs.create.md#MUST|C

skills\dotnet\architecture\solutions\🧩validated\solution-query-integration.skill\solution-query-integration.skill.md [# Rules / MUST]
  A: - [[./Implementation/{Module}.Application.csproj.extend.md#MUST|{Module}.Application.cspro
  B: - [[./Implementation/{Module}.Application.csproj.extend/{FeatureName}.Handler.cs.create.md

skills\dotnet\architecture\solutions\🧩validated\solution-query-integration.skill\solution-query-integration.skill.md [# Rules / MUST]
  A: - [[./Implementation/{Module}.Application.csproj.extend.md#MUST|{Module}.Application.cspro
  B: - [[./Implementation/{Module}.Application.csproj.extend/{FeatureName}.Validator.cs.create.

skills\dotnet\architecture\solutions\🧩validated\solution-query-integration.skill\solution-query-integration.skill.md [# Rules / MUST]
  A: - [[./Implementation/{Module}.Application.csproj.extend.md#MUST|{Module}.Application.cspro
  B: - [[./Implementation/{Module}.Interfaces.csproj.extend.md#MUST|{Module}.Interfaces.csproj.

skills\dotnet\architecture\solutions\🧩validated\solution-query-integration.skill\solution-query-integration.skill.md [# Rules / MUST]
  A: - [[./Implementation/{Module}.Application.csproj.extend/{FeatureName}.Handler.cs.create.md
  B: - [[./Implementation/{Module}.Application.csproj.extend/{FeatureName}.Validator.cs.create.

skills\dotnet\architecture\solutions\🧩validated\solution-query-integration.skill\solution-query-integration.skill.md [# Rules / MUST]
  A: - [[./Implementation/{Module}.Application.csproj.extend/{FeatureName}.Handler.cs.create.md
  B: - [[./Implementation/{Module}.Interfaces.csproj.extend/{Dto}.cs.create.md#MUST|{Dto}.cs.cr

skills\dotnet\architecture\solutions\🧩validated\solution-query-integration.skill\solution-query-integration.skill.md [# Rules / MUST]
  A: - [[./Implementation/{Module}.Application.csproj.extend/{FeatureName}.Handler.cs.create.md
  B: - [[./Implementation/{Module}.Interfaces.csproj.extend/{Query}.cs.create.md#MUST|{Query}.c

skills\dotnet\architecture\solutions\🧩validated\solution-query-integration.skill\solution-query-integration.skill.md [# Rules / MUST]
  A: - [[./Implementation/{Module}.Application.csproj.extend/{FeatureName}.Validator.cs.create.
  B: - [[./Implementation/{Module}.Interfaces.csproj.extend/{Dto}.cs.create.md#MUST|{Dto}.cs.cr

skills\dotnet\architecture\solutions\🧩validated\solution-query-integration.skill\solution-query-integration.skill.md [# Rules / MUST]
  A: - [[./Implementation/{Module}.Application.csproj.extend/{FeatureName}.Validator.cs.create.
  B: - [[./Implementation/{Module}.Interfaces.csproj.extend/{Query}.cs.create.md#MUST|{Query}.c

skills\dotnet\architecture\solutions\🧩validated\solution-query-integration.skill\solution-query-integration.skill.md [# Rules / MUST]
  A: - [[./Implementation/{Module}.Interfaces.csproj.extend.md#MUST|{Module}.Interfaces.csproj.
  B: - [[./Implementation/{Module}.Interfaces.csproj.extend/{Dto}.cs.create.md#MUST|{Dto}.cs.cr

skills\dotnet\architecture\solutions\🧩validated\solution-query-integration.skill\solution-query-integration.skill.md [# Rules / MUST]
  A: - [[./Implementation/{Module}.Interfaces.csproj.extend.md#MUST|{Module}.Interfaces.csproj.
  B: - [[./Implementation/{Module}.Interfaces.csproj.extend/{Query}.cs.create.md#MUST|{Query}.c

skills\dotnet\architecture\solutions\🧩validated\solution-query-integration.skill\solution-query-integration.skill.md [# Rules / MUST]
  A: - [[./Implementation/{Module}.Interfaces.csproj.extend/{Dto}.cs.create.md#MUST|{Dto}.cs.cr
  B: - [[./Implementation/{Module}.Interfaces.csproj.extend/{Query}.cs.create.md#MUST|{Query}.c

skills\dotnet\architecture\solutions\🧩validated\solution-query-integration.skill\solution-query-integration.skill.md [# Rules / MUST NOT]
  A: - [[./Implementation/App.Host.csproj.extend.md#MUST NOT|App.Host.csproj.extend]]
  B: - [[./Implementation/App.Queries.csproj.extend.md#MUST NOT|App.Queries.csproj.extend]]

skills\dotnet\architecture\solutions\🧩validated\solution-query-integration.skill\solution-query-integration.skill.md [# Rules / MUST NOT]
  A: - [[./Implementation/App.Queries.csproj.extend.md#MUST NOT|App.Queries.csproj.extend]]
  B: - [[./Implementation/App.Queries.csproj.extend/AppQueriesRegistration.cs.create.md#MUST NO

skills\dotnet\architecture\solutions\🧩validated\solution-query-integration.skill\solution-query-integration.skill.md [# Rules / MUST NOT]
  A: - [[./Implementation/App.Queries.csproj.extend.md#MUST NOT|App.Queries.csproj.extend]]
  B: - [[./Implementation/App.Queries.csproj.extend/CrossModuleQueryHandler.cs.create.md#MUST N

skills\dotnet\architecture\solutions\🧩validated\solution-query-integration.skill\solution-query-integration.skill.md [# Rules / MUST NOT]
  A: - [[./Implementation/App.Queries.csproj.extend/AppQueriesRegistration.cs.create.md#MUST NO
  B: - [[./Implementation/App.Queries.csproj.extend/CrossModuleQueryHandler.cs.create.md#MUST N

skills\dotnet\architecture\solutions\🧩validated\solution-query-integration.skill\solution-query-integration.skill.md [# Rules / MUST NOT]
  A: - [[./Implementation/App.Queries.csproj.extend/AppQueriesRegistration.cs.create.md#MUST NO
  B: - [[./Implementation/Shared.csproj.extend/IQuery.cs.create.md#MUST NOT|IQuery.cs.create]]

skills\dotnet\architecture\solutions\🧩validated\solution-query-integration.skill\solution-query-integration.skill.md [# Rules / MUST NOT]
  A: - [[./Implementation/App.Queries.csproj.extend/CrossModuleQueryHandler.cs.create.md#MUST N
  B: - [[./Implementation/Shared.csproj.extend/IQuery.cs.create.md#MUST NOT|IQuery.cs.create]]

skills\dotnet\architecture\solutions\🧩validated\solution-query-integration.skill\solution-query-integration.skill.md [# Rules / MUST NOT]
  A: - [[./Implementation/{Module}.Application.csproj.extend.md#MUST NOT|{Module}.Application.c
  B: - [[./Implementation/{Module}.Application.csproj.extend/{FeatureName}.Handler.cs.create.md

skills\dotnet\architecture\solutions\🧩validated\solution-query-integration.skill\solution-query-integration.skill.md [# Rules / MUST NOT]
  A: - [[./Implementation/{Module}.Application.csproj.extend.md#MUST NOT|{Module}.Application.c
  B: - [[./Implementation/{Module}.Application.csproj.extend/{FeatureName}.Validator.cs.create.

skills\dotnet\architecture\solutions\🧩validated\solution-query-integration.skill\solution-query-integration.skill.md [# Rules / MUST NOT]
  A: - [[./Implementation/{Module}.Application.csproj.extend.md#MUST NOT|{Module}.Application.c
  B: - [[./Implementation/{Module}.Interfaces.csproj.extend.md#MUST NOT|{Module}.Interfaces.csp

skills\dotnet\architecture\solutions\🧩validated\solution-query-integration.skill\solution-query-integration.skill.md [# Rules / MUST NOT]
  A: - [[./Implementation/{Module}.Application.csproj.extend.md#MUST NOT|{Module}.Application.c
  B: - [[./Implementation/{Module}.Interfaces.csproj.extend/{Dto}.cs.create.md#MUST NOT|{Dto}.c

skills\dotnet\architecture\solutions\🧩validated\solution-query-integration.skill\solution-query-integration.skill.md [# Rules / MUST NOT]
  A: - [[./Implementation/{Module}.Application.csproj.extend.md#MUST NOT|{Module}.Application.c
  B: - [[./Implementation/{Module}.Interfaces.csproj.extend/{Query}.cs.create.md#MUST NOT|{Quer

skills\dotnet\architecture\solutions\🧩validated\solution-query-integration.skill\solution-query-integration.skill.md [# Rules / MUST NOT]
  A: - [[./Implementation/{Module}.Application.csproj.extend/{FeatureName}.Handler.cs.create.md
  B: - [[./Implementation/{Module}.Application.csproj.extend/{FeatureName}.Validator.cs.create.

skills\dotnet\architecture\solutions\🧩validated\solution-query-integration.skill\solution-query-integration.skill.md [# Rules / MUST NOT]
  A: - [[./Implementation/{Module}.Application.csproj.extend/{FeatureName}.Handler.cs.create.md
  B: - [[./Implementation/{Module}.Interfaces.csproj.extend/{Dto}.cs.create.md#MUST NOT|{Dto}.c

skills\dotnet\architecture\solutions\🧩validated\solution-query-integration.skill\solution-query-integration.skill.md [# Rules / MUST NOT]
  A: - [[./Implementation/{Module}.Application.csproj.extend/{FeatureName}.Handler.cs.create.md
  B: - [[./Implementation/{Module}.Interfaces.csproj.extend/{Query}.cs.create.md#MUST NOT|{Quer

skills\dotnet\architecture\solutions\🧩validated\solution-query-integration.skill\solution-query-integration.skill.md [# Rules / MUST NOT]
  A: - [[./Implementation/{Module}.Application.csproj.extend/{FeatureName}.Validator.cs.create.
  B: - [[./Implementation/{Module}.Interfaces.csproj.extend/{Dto}.cs.create.md#MUST NOT|{Dto}.c

skills\dotnet\architecture\solutions\🧩validated\solution-query-integration.skill\solution-query-integration.skill.md [# Rules / MUST NOT]
  A: - [[./Implementation/{Module}.Application.csproj.extend/{FeatureName}.Validator.cs.create.
  B: - [[./Implementation/{Module}.Interfaces.csproj.extend/{Query}.cs.create.md#MUST NOT|{Quer

skills\dotnet\architecture\solutions\🧩validated\solution-query-integration.skill\solution-query-integration.skill.md [# Rules / MUST NOT]
  A: - [[./Implementation/{Module}.Interfaces.csproj.extend.md#MUST NOT|{Module}.Interfaces.csp
  B: - [[./Implementation/{Module}.Interfaces.csproj.extend/{Dto}.cs.create.md#MUST NOT|{Dto}.c

skills\dotnet\architecture\solutions\🧩validated\solution-query-integration.skill\solution-query-integration.skill.md [# Rules / MUST NOT]
  A: - [[./Implementation/{Module}.Interfaces.csproj.extend.md#MUST NOT|{Module}.Interfaces.csp
  B: - [[./Implementation/{Module}.Interfaces.csproj.extend/{Query}.cs.create.md#MUST NOT|{Quer

skills\dotnet\architecture\solutions\🧩validated\solution-query-integration.skill\solution-query-integration.skill.md [# Rules / MUST NOT]
  A: - [[./Implementation/{Module}.Interfaces.csproj.extend/{Dto}.cs.create.md#MUST NOT|{Dto}.c
  B: - [[./Implementation/{Module}.Interfaces.csproj.extend/{Query}.cs.create.md#MUST NOT|{Quer

skills\dotnet\architecture\solutions\🧩validated\solution-query-integration.skill\solution-query-integration.skill.md [# Rules / MUST NOT]
  A: - Inline LINQ in single-module handler — use named spec
  B: - [ ] Single-module handlers load via named specs — no inline LINQ

skills\dotnet\architecture\solutions\🧩validated\solution-query-integration.skill\solution-query-integration.skill.md [# Rules / MUST NOT]
  A: - [ ] Query transport validators use `IValidator<Soft{ValueObject}>` for cross-module Soft
  B: - [ ] Query transport validators use `IValidator<{Dto}>` for cross-module DTO properties v

skills\dotnet\architecture\solutions\🧩validated\solution-repository-integration.skill\Implementation\App.Host.csproj.extend\RepositoryRegistration.cs.create.md [# Rule changes / MUST]
  A: - Register `IRepository<>` as open generic pointing to `Repository<>`
  B: - Register `IReadRepository<>` as open generic pointing to `Repository<>`

skills\dotnet\architecture\solutions\🧩validated\solution-repository-integration.skill\Implementation\App.Host.csproj.extend\RepositoryRegistration.cs.create.md [# Rule changes / MUST NOT]
  A: - [ ] `AddRepositories` extension method exists
  B: - [ ] WHEN verified THEN AddRepositories extension method exists

skills\dotnet\architecture\solutions\🧩validated\solution-repository-integration.skill\Implementation\App.Host.csproj.extend\RepositoryRegistration.cs.create.md [# Rule changes / MUST NOT]
  A: - [ ] Both `IRepository<>` and `IReadRepository<>` registered as open generics
  B: - [ ] WHEN verified THEN Both IRepository<> and IReadRepository<> registered as open gener

skills\dotnet\architecture\solutions\🧩validated\solution-repository-integration.skill\Implementation\App.Host.csproj.extend\RepositoryRegistration.cs.create.md [# Rule changes / MUST NOT]
  A: - [ ] `Scoped` lifetime used
  B: - [ ] WHEN verified THEN Scoped lifetime used

skills\dotnet\architecture\solutions\🧩validated\solution-repository-integration.skill\Implementation\App.Host.csproj.extend\RepositoryRegistration.cs.create.md [# Rule changes / MUST NOT]
  A: - [ ] Called from `Program.cs`
  B: - [ ] WHEN verified THEN Called from Program.cs

skills\dotnet\architecture\solutions\🧩validated\solution-repository-integration.skill\Implementation\App.Host.csproj.extend\RepositoryRegistration.cs.create.md [# Rule changes / MUST NOT]
  A: - [ ] WHEN applied THEN Register open generics for both IRepository<> and IReadRepository<
  B: - [ ] WHEN verified THEN Both IRepository<> and IReadRepository<> registered as open gener

skills\dotnet\architecture\solutions\🧩validated\solution-repository-integration.skill\Implementation\App.Host.csproj.extend.md [# Rules / MUST]
  A: - `AddRepositories()` called in `Program.cs`
  B: - [ ] `builder.Services.AddRepositories()` present in `Program.cs`

skills\dotnet\architecture\solutions\🧩validated\solution-repository-integration.skill\Implementation\App.Infrastructure.csproj.extend\Repository.cs.create.md [# Rule changes / MUST NOT]
  A: - Call `SaveChangesAsync`
  B: - `Repository<T>` call `SaveChangesAsync`

skills\dotnet\architecture\solutions\🧩validated\solution-repository-integration.skill\Implementation\App.Infrastructure.csproj.extend\Repository.cs.create.md [# Rule changes / MUST NOT]
  A: - [ ] Inherits `RepositoryBase<T>`
  B: - [ ] WHEN verified THEN Inherits RepositoryBase<T>

skills\dotnet\architecture\solutions\🧩validated\solution-repository-integration.skill\Implementation\App.Infrastructure.csproj.extend\Repository.cs.create.md [# Rule changes / MUST NOT]
  A: - [ ] Implements `IRepository<T>`
  B: - [ ] WHEN verified THEN Implements IRepository<T>

skills\dotnet\architecture\solutions\🧩validated\solution-repository-integration.skill\Implementation\App.Infrastructure.csproj.extend\Repository.cs.create.md [# Rule changes / MUST NOT]
  A: - [ ] Constructor forwards `AppDbContext` to base
  B: - [ ] WHEN verified THEN Constructor forwards AppDbContext to base

skills\dotnet\architecture\solutions\🧩validated\solution-repository-integration.skill\Implementation\App.Infrastructure.csproj.extend\Repository.cs.create.md [# Rule changes / MUST NOT]
  A: - [ ] No `SaveChangesAsync` calls
  B: - [ ] WHEN verified THEN No SaveChangesAsync calls

skills\dotnet\architecture\solutions\🧩validated\solution-repository-integration.skill\Implementation\Shared.csproj.extend\IReadRepository.cs.create.md [# Rule changes / MUST NOT]
  A: - [ ] Inherits `IReadRepositoryBase<T>`
  B: - [ ] WHEN verified THEN Inherits IReadRepositoryBase<T>

skills\dotnet\architecture\solutions\🧩validated\solution-repository-integration.skill\Implementation\Shared.csproj.extend\IReadRepository.cs.create.md [# Rule changes / MUST NOT]
  A: - [ ] `where T : class` constraint present
  B: - [ ] WHEN verified THEN where T : class constraint present

skills\dotnet\architecture\solutions\🧩validated\solution-repository-integration.skill\Implementation\Shared.csproj.extend\IReadRepository.cs.create.md [# Rule changes / MUST NOT]
  A: - [ ] No write methods declared
  B: - [ ] WHEN verified THEN No write methods declared

skills\dotnet\architecture\solutions\🧩validated\solution-repository-integration.skill\Implementation\Shared.csproj.extend\IRepository.cs.create.md [# Rule changes / MUST NOT]
  A: - [ ] Inherits `IRepositoryBase<T>`
  B: - [ ] WHEN verified THEN Inherits IRepositoryBase<T>

skills\dotnet\architecture\solutions\🧩validated\solution-repository-integration.skill\Implementation\Shared.csproj.extend\IRepository.cs.create.md [# Rule changes / MUST NOT]
  A: - [ ] Inherits `IReadRepository<T>`
  B: - [ ] WHEN verified THEN Inherits IReadRepository<T>

skills\dotnet\architecture\solutions\🧩validated\solution-repository-integration.skill\Implementation\Shared.csproj.extend\IRepository.cs.create.md [# Rule changes / MUST NOT]
  A: - [ ] `where T : class` constraint present
  B: - [ ] WHEN verified THEN where T : class constraint present

skills\dotnet\architecture\solutions\🧩validated\solution-repository-integration.skill\Implementation\Shared.csproj.extend\IRepository.cs.create.md [# Rule changes / MUST NOT]
  A: - [ ] No `SaveChangesAsync` declared
  B: - [ ] WHEN verified THEN No SaveChangesAsync declared

skills\dotnet\architecture\solutions\🧩validated\solution-repository-integration.skill\Implementation\Shared.csproj.extend\IRepository.cs.create.md [# Rule changes / MUST NOT]
  A: - [ ] WHEN verified THEN Inherits IRepositoryBase<T>
  B: - [ ] WHEN verified THEN Inherits IReadRepository<T>

skills\dotnet\architecture\solutions\🧩validated\solution-repository-integration.skill\Implementation\Shared.csproj.extend.md [# Rules / MUST NOT]
  A: - Reference `Ardalis.Specification.EntityFrameworkCore` in Shared
  B: - [ ] `Ardalis.Specification` referenced in `Shared.csproj`

skills\dotnet\architecture\solutions\🧩validated\solution-repository-integration.skill\Implementation\{Module}.Application.csproj.extend\{Entity}ByIdSpec.cs.create.md [# Rule changes / MUST]
  A: - Live in `/{Module}.Application/Specifications`
  B: - All specifications for a module live in `/{Module}.Application/Specifications`

skills\dotnet\architecture\solutions\🧩validated\solution-repository-integration.skill\Implementation\{Module}.Application.csproj.extend\{Entity}ByIdSpec.cs.create.md [# Rule changes / MUST NOT]
  A: - Call the database or reference DbContext
  B: - Spec call the database or reference DbContext

skills\dotnet\architecture\solutions\🧩validated\solution-repository-integration.skill\Implementation\{Module}.Application.csproj.extend\{Entity}ByIdSpec.cs.create.md [# Rule changes / MUST NOT]
  A: - Contain business logic — filtering only
  B: - Spec contain business logic — filtering, ordering, and projection only

skills\dotnet\architecture\solutions\🧩validated\solution-repository-integration.skill\Implementation\{Module}.Application.csproj.extend\{Entity}ByIdSpec.cs.create.md [# Rule changes / MUST NOT]
  A: - [ ] Inherits `Specification<{Entity}>`
  B: - [ ] WHEN verified THEN Inherits Specification<{Entity}>

skills\dotnet\architecture\solutions\🧩validated\solution-repository-integration.skill\Implementation\{Module}.Application.csproj.extend\{Entity}ByIdSpec.cs.create.md [# Rule changes / MUST NOT]
  A: - [ ] Constructor applies `Query.Where(e => e.Id == id)`
  B: - [ ] WHEN verified THEN Constructor applies Query.Where(e => e.Id == id)

skills\dotnet\architecture\solutions\🧩validated\solution-repository-integration.skill\Implementation\{Module}.Application.csproj.extend\{Entity}ByIdSpec.cs.create.md [# Rule changes / MUST NOT]
  A: - [ ] Lives in Application Specifications folder
  B: - [ ] WHEN verified THEN Lives in Application Specifications folder

skills\dotnet\architecture\solutions\🧩validated\solution-repository-integration.skill\Implementation\{Module}.Application.csproj.extend\{Entity}SummarySpec.cs.create.md [# Rule changes / MUST NOT]
  A: - [ ] Inherits `Specification<{Entity}, {Entity}SummaryDto>`
  B: - [ ] WHEN verified THEN Inherits Specification<{Entity}, {Entity}SummaryDto>

skills\dotnet\architecture\solutions\🧩validated\solution-repository-integration.skill\Implementation\{Module}.Application.csproj.extend\{Entity}SummarySpec.cs.create.md [# Rule changes / MUST NOT]
  A: - [ ] `Query.Select(...)` defines projection
  B: - [ ] WHEN verified THEN Query.Select(...) defines projection

skills\dotnet\architecture\solutions\🧩validated\solution-repository-integration.skill\Implementation\{Module}.Application.csproj.extend\{Entity}SummarySpec.cs.create.md [# Rule changes / MUST NOT]
  A: - [ ] Lives in Application Specifications folder
  B: - [ ] WHEN verified THEN Lives in Application Specifications folder

skills\dotnet\architecture\solutions\🧩validated\solution-repository-integration.skill\Implementation\{Module}.Application.csproj.extend\{Entity}SummarySpec.cs.create.md [# Rule changes / MUST NOT]
  A: - [ ] WHEN applied THEN Uses Query.Select(...) to define projection
  B: - [ ] WHEN verified THEN Query.Select(...) defines projection

skills\dotnet\architecture\solutions\🧩validated\solution-repository-integration.skill\Implementation\{Module}.Application.csproj.extend.md [# Rules / MUST]
  A: - Command handlers inject `IRepository<T>` from Shared
  B: - Query handlers inject `IReadRepository<T>` from Shared

skills\dotnet\architecture\solutions\🧩validated\solution-repository-integration.skill\solution-repository-integration.skill.md [# Rules / MUST]
  A: - [[./Implementation/App.Host.csproj.extend.md#MUST|App.Host.csproj.extend]]
  B: - [[./Implementation/App.Infrastructure.csproj.extend.md#MUST|App.Infrastructure.csproj.ex

skills\dotnet\architecture\solutions\🧩validated\solution-repository-integration.skill\solution-repository-integration.skill.md [# Rules / MUST]
  A: - [[./Implementation/App.Host.csproj.extend/RepositoryRegistration.cs.create.md#MUST|Repos
  B: - [[./Implementation/App.Infrastructure.csproj.extend/Repository.cs.create.md#MUST|Reposit

skills\dotnet\architecture\solutions\🧩validated\solution-repository-integration.skill\solution-repository-integration.skill.md [# Rules / MUST]
  A: - [[./Implementation/Shared.csproj.extend/IReadRepository.cs.create.md#MUST|IReadRepositor
  B: - [[./Implementation/Shared.csproj.extend/IRepository.cs.create.md#MUST|IRepository.cs.cre

skills\dotnet\architecture\solutions\🧩validated\solution-repository-integration.skill\solution-repository-integration.skill.md [# Rules / MUST]
  A: - [[./Implementation/{Module}.Application.csproj.extend.md#MUST|{Module}.Application.cspro
  B: - [[./Implementation/{Module}.Application.csproj.extend/{Entity}ByIdSpec.cs.create.md#MUST

skills\dotnet\architecture\solutions\🧩validated\solution-repository-integration.skill\solution-repository-integration.skill.md [# Rules / MUST]
  A: - [[./Implementation/{Module}.Application.csproj.extend.md#MUST|{Module}.Application.cspro
  B: - [[./Implementation/{Module}.Application.csproj.extend/{Entity}SummarySpec.cs.create.md#M

skills\dotnet\architecture\solutions\🧩validated\solution-repository-integration.skill\solution-repository-integration.skill.md [# Rules / MUST]
  A: - [[./Implementation/{Module}.Application.csproj.extend/{Entity}ByIdSpec.cs.create.md#MUST
  B: - [[./Implementation/{Module}.Application.csproj.extend/{Entity}SummarySpec.cs.create.md#M

skills\dotnet\architecture\solutions\🧩validated\solution-repository-integration.skill\solution-repository-integration.skill.md [# Rules / MUST NOT]
  A: - [[./Implementation/App.Host.csproj.extend.md#MUST NOT|App.Host.csproj.extend]]
  B: - [[./Implementation/App.Host.csproj.extend/RepositoryRegistration.cs.create.md#MUST NOT|R

skills\dotnet\architecture\solutions\🧩validated\solution-repository-integration.skill\solution-repository-integration.skill.md [# Rules / MUST NOT]
  A: - [[./Implementation/App.Host.csproj.extend.md#MUST NOT|App.Host.csproj.extend]]
  B: - [[./Implementation/App.Infrastructure.csproj.extend.md#MUST NOT|App.Infrastructure.cspro

skills\dotnet\architecture\solutions\🧩validated\solution-repository-integration.skill\solution-repository-integration.skill.md [# Rules / MUST NOT]
  A: - [[./Implementation/App.Host.csproj.extend/RepositoryRegistration.cs.create.md#MUST NOT|R
  B: - [[./Implementation/App.Infrastructure.csproj.extend/Repository.cs.create.md#MUST NOT|Rep

skills\dotnet\architecture\solutions\🧩validated\solution-repository-integration.skill\solution-repository-integration.skill.md [# Rules / MUST NOT]
  A: - [[./Implementation/App.Host.csproj.extend/RepositoryRegistration.cs.create.md#MUST NOT|R
  B: - [[./Implementation/Shared.csproj.extend/IReadRepository.cs.create.md#MUST NOT|IReadRepos

skills\dotnet\architecture\solutions\🧩validated\solution-repository-integration.skill\solution-repository-integration.skill.md [# Rules / MUST NOT]
  A: - [[./Implementation/App.Host.csproj.extend/RepositoryRegistration.cs.create.md#MUST NOT|R
  B: - [[./Implementation/Shared.csproj.extend/IRepository.cs.create.md#MUST NOT|IRepository.cs

skills\dotnet\architecture\solutions\🧩validated\solution-repository-integration.skill\solution-repository-integration.skill.md [# Rules / MUST NOT]
  A: - [[./Implementation/App.Infrastructure.csproj.extend.md#MUST NOT|App.Infrastructure.cspro
  B: - [[./Implementation/App.Infrastructure.csproj.extend/Repository.cs.create.md#MUST NOT|Rep

skills\dotnet\architecture\solutions\🧩validated\solution-repository-integration.skill\solution-repository-integration.skill.md [# Rules / MUST NOT]
  A: - [[./Implementation/App.Infrastructure.csproj.extend/Repository.cs.create.md#MUST NOT|Rep
  B: - [[./Implementation/Shared.csproj.extend/IReadRepository.cs.create.md#MUST NOT|IReadRepos

skills\dotnet\architecture\solutions\🧩validated\solution-repository-integration.skill\solution-repository-integration.skill.md [# Rules / MUST NOT]
  A: - [[./Implementation/App.Infrastructure.csproj.extend/Repository.cs.create.md#MUST NOT|Rep
  B: - [[./Implementation/Shared.csproj.extend/IRepository.cs.create.md#MUST NOT|IRepository.cs

skills\dotnet\architecture\solutions\🧩validated\solution-repository-integration.skill\solution-repository-integration.skill.md [# Rules / MUST NOT]
  A: - [[./Implementation/Shared.csproj.extend/IReadRepository.cs.create.md#MUST NOT|IReadRepos
  B: - [[./Implementation/Shared.csproj.extend/IRepository.cs.create.md#MUST NOT|IRepository.cs

skills\dotnet\architecture\solutions\🧩validated\solution-repository-integration.skill\solution-repository-integration.skill.md [# Rules / MUST NOT]
  A: - [[./Implementation/{Module}.Application.csproj.extend.md#MUST NOT|{Module}.Application.c
  B: - [[./Implementation/{Module}.Application.csproj.extend/{Entity}ByIdSpec.cs.create.md#MUST

skills\dotnet\architecture\solutions\🧩validated\solution-repository-integration.skill\solution-repository-integration.skill.md [# Rules / MUST NOT]
  A: - [[./Implementation/{Module}.Application.csproj.extend.md#MUST NOT|{Module}.Application.c
  B: - [[./Implementation/{Module}.Application.csproj.extend/{Entity}SummarySpec.cs.create.md#M

skills\dotnet\architecture\solutions\🧩validated\solution-repository-integration.skill\solution-repository-integration.skill.md [# Rules / MUST NOT]
  A: - [[./Implementation/{Module}.Application.csproj.extend/{Entity}ByIdSpec.cs.create.md#MUST
  B: - [[./Implementation/{Module}.Application.csproj.extend/{Entity}SummarySpec.cs.create.md#M

skills\dotnet\architecture\solutions\🧩validated\solution-repository-integration.skill\solution-repository-integration.skill.md [# Rules / MUST NOT]
  A: - [ ] `IReadRepository<T>` defined in `Shared/Repositories`, inherits `IReadRepositoryBase
  B: - [ ] `IRepository<T>` defined in `Shared/Repositories`, inherits `IRepositoryBase<T>` and

skills\dotnet\architecture\solutions\🧩validated\solution-sln-structure.skill\Implementation\App.Host.csproj.create\ModuleRegistration.cs.create.md [# Rule changes / MUST NOT]
  A: - Register pipeline behaviors — belongs in App.Host pipeline registration
  B: - Register infrastructure services — belongs in App.Infrastructure registration

skills\dotnet\architecture\solutions\🧩validated\solution-sln-structure.skill\Implementation\App.Host.csproj.create\ModuleRegistration.cs.create.md [# Rule changes / MUST NOT]
  A: - [ ] WHEN applied THEN Keep Program.cs stable when new modules are added
  B: - [ ] WHEN applied THEN New modules are added here — never directly in Program.cs

skills\dotnet\architecture\solutions\🧩validated\solution-sln-structure.skill\Implementation\App.Host.csproj.create.md [# Rules / MUST]
  A: - Pipeline behaviors registered once here in correct order
  B: - Pipeline behaviors registered once in App.Host

skills\dotnet\architecture\solutions\🧩validated\solution-sln-structure.skill\Implementation\App.Host.csproj.create.md [# Rules / MUST]
  A: - App.Host is the only project referencing all modules simultaneously
  B: - App.Host is the only composition root

skills\dotnet\architecture\solutions\🧩validated\solution-sln-structure.skill\Implementation\App.Host.csproj.create.md [# Rules / MUST NOT]
  A: - App.Host contain business logic
  B: - Putting business logic in App.Host — wiring only

skills\dotnet\architecture\solutions\🧩validated\solution-sln-structure.skill\Implementation\App.Host.csproj.create.md [# Rules / MUST NOT]
  A: - App.Host contain business logic
  B: - [ ] No business logic in App.Host

skills\dotnet\architecture\solutions\🧩validated\solution-sln-structure.skill\Implementation\App.Host.csproj.create.md [# Rules / MUST NOT]
  A: - Putting business logic in App.Host — wiring only
  B: - [ ] No business logic in App.Host

skills\dotnet\architecture\solutions\🧩validated\solution-sln-structure.skill\Implementation\App.Queries.csproj.create.md [# Rules / MUST]
  A: - Only cross-module JOIN queries live here
  B: - App.Queries is the only place for cross-module JOIN queries

skills\dotnet\architecture\solutions\🧩validated\solution-sln-structure.skill\Implementation\App.Queries.csproj.create.md [# Rules / MUST NOT]
  A: - Any module Application reference App.Queries
  B: - Putting single-module queries in App.Queries — belongs in module Application

skills\dotnet\architecture\solutions\🧩validated\solution-sln-structure.skill\Implementation\App.Queries.csproj.create.md [# Rules / MUST NOT]
  A: - Putting single-module queries in App.Queries — belongs in module Application
  B: - Putting write operations in App.Queries — belongs in module Application

skills\dotnet\architecture\solutions\🧩validated\solution-sln-structure.skill\Implementation\BuildingBlocks.csproj.create.md [# Rules / MUST NOT]
  A: - BuildingBlocks define common interfaces — only Shared defines interfaces
  B: - Defining common interfaces in BuildingBlocks — they belong in Shared

skills\dotnet\architecture\solutions\🧩validated\solution-sln-structure.skill\Implementation\BuildingBlocks.csproj.create.md [# Rules / MUST NOT]
  A: - Placing domain entities in BuildingBlocks — they belong in module Domain
  B: - Defining common interfaces in BuildingBlocks — they belong in Shared

skills\dotnet\architecture\solutions\🧩validated\solution-sln-structure.skill\Implementation\Shared.csproj.create.md [# Rules / MUST NOT]
  A: - Shared contain implementations — only interfaces and primitives
  B: - [ ] Shared.csproj contains only interfaces and primitives

skills\dotnet\architecture\solutions\🧩validated\solution-sln-structure.skill\Implementation\Shared.csproj.create.md [# Rules / MUST NOT]
  A: - Placing domain entities in Shared — they belong in module Domain
  B: - Placing pipeline behaviors in Shared — they belong in BuildingBlocks

skills\dotnet\architecture\solutions\🧩validated\solution-sln-structure.skill\Implementation\Shared.csproj.create.md [# Rules / MUST NOT]
  A: - Placing domain entities in Shared — they belong in module Domain
  B: - Placing implementations in Shared — they belong in BuildingBlocks or App.Infrastructure

skills\dotnet\architecture\solutions\🧩validated\solution-sln-structure.skill\Implementation\Shared.csproj.create.md [# Rules / MUST NOT]
  A: - Placing pipeline behaviors in Shared — they belong in BuildingBlocks
  B: - Placing implementations in Shared — they belong in BuildingBlocks or App.Infrastructure

skills\dotnet\architecture\solutions\🧩validated\solution-sln-structure.skill\Implementation\Shared.csproj.create.md [# Rules / MUST NOT]
  A: - Adding project references to Shared.csproj
  B: - [ ] Shared.csproj has no project references

skills\dotnet\architecture\solutions\🧩validated\solution-sln-structure.skill\Implementation\{Module}.Api.csproj.create.md [# Rules / MUST NOT]
  A: - [ ] Api.csproj does not reference Domain
  B: - [ ] Api.csproj does not reference Application

skills\dotnet\architecture\solutions\🧩validated\solution-sln-structure.skill\Implementation\{Module}.Application.csproj.create.md [# Rules / MUST NOT]
  A: - Application reference another module's Domain
  B: - Application reference another module's Application

skills\dotnet\architecture\solutions\🧩validated\solution-sln-structure.skill\Implementation\{Module}.Application.csproj.create.md [# Rules / MUST NOT]
  A: - Application reference another module's Domain
  B: - [ ] Application.csproj does not reference another module's Domain or Application

skills\dotnet\architecture\solutions\🧩validated\solution-sln-structure.skill\solution-sln-structure.skill.md [# Rules / MUST]
  A: - [[./Implementation/App.Host.csproj.create.md#MUST|App.Host.csproj.create]]
  B: - [[./Implementation/App.Host.csproj.create/ModuleRegistration.cs.create.md#MUST|ModuleReg

skills\dotnet\architecture\solutions\🧩validated\solution-sln-structure.skill\solution-sln-structure.skill.md [# Rules / MUST]
  A: - [[./Implementation/App.Host.csproj.create.md#MUST|App.Host.csproj.create]]
  B: - [[./Implementation/App.Infrastructure.csproj.create.md#MUST|App.Infrastructure.csproj.cr

skills\dotnet\architecture\solutions\🧩validated\solution-sln-structure.skill\solution-sln-structure.skill.md [# Rules / MUST]
  A: - [[./Implementation/App.Host.csproj.create.md#MUST|App.Host.csproj.create]]
  B: - [[./Implementation/App.Infrastructure.Migrations.csproj.create.md#MUST|App.Infrastructur

skills\dotnet\architecture\solutions\🧩validated\solution-sln-structure.skill\solution-sln-structure.skill.md [# Rules / MUST]
  A: - [[./Implementation/App.Host.csproj.create.md#MUST|App.Host.csproj.create]]
  B: - [[./Implementation/App.Queries.csproj.create.md#MUST|App.Queries.csproj.create]]

skills\dotnet\architecture\solutions\🧩validated\solution-sln-structure.skill\solution-sln-structure.skill.md [# Rules / MUST]
  A: - [[./Implementation/App.Infrastructure.csproj.create.md#MUST|App.Infrastructure.csproj.cr
  B: - [[./Implementation/App.Infrastructure.Migrations.csproj.create.md#MUST|App.Infrastructur

skills\dotnet\architecture\solutions\🧩validated\solution-sln-structure.skill\solution-sln-structure.skill.md [# Rules / MUST]
  A: - [[./Implementation/App.Infrastructure.csproj.create.md#MUST|App.Infrastructure.csproj.cr
  B: - [[./Implementation/App.Queries.csproj.create.md#MUST|App.Queries.csproj.create]]

skills\dotnet\architecture\solutions\🧩validated\solution-sln-structure.skill\solution-sln-structure.skill.md [# Rules / MUST]
  A: - [[./Implementation/App.Infrastructure.Migrations.csproj.create.md#MUST|App.Infrastructur
  B: - [[./Implementation/App.Queries.csproj.create.md#MUST|App.Queries.csproj.create]]

skills\dotnet\architecture\solutions\🧩validated\solution-sln-structure.skill\solution-sln-structure.skill.md [# Rules / MUST]
  A: - [[./Implementation/{Module}.Api.csproj.create.md#MUST|{Module}.Api.csproj.create]]
  B: - [[./Implementation/{Module}.Application.csproj.create.md#MUST|{Module}.Application.cspro

skills\dotnet\architecture\solutions\🧩validated\solution-sln-structure.skill\solution-sln-structure.skill.md [# Rules / MUST]
  A: - [[./Implementation/{Module}.Api.csproj.create.md#MUST|{Module}.Api.csproj.create]]
  B: - [[./Implementation/{Module}.Domain.csproj.create.md#MUST|{Module}.Domain.csproj.create]]

skills\dotnet\architecture\solutions\🧩validated\solution-sln-structure.skill\solution-sln-structure.skill.md [# Rules / MUST]
  A: - [[./Implementation/{Module}.Api.csproj.create.md#MUST|{Module}.Api.csproj.create]]
  B: - [[./Implementation/{Module}.Domain.csproj.create/{Entity}.cs.create.md#MUST|{Entity}.cs.

skills\dotnet\architecture\solutions\🧩validated\solution-sln-structure.skill\solution-sln-structure.skill.md [# Rules / MUST]
  A: - [[./Implementation/{Module}.Api.csproj.create.md#MUST|{Module}.Api.csproj.create]]
  B: - [[./Implementation/{Module}.Interfaces.csproj.create.md#MUST|{Module}.Interfaces.csproj.

skills\dotnet\architecture\solutions\🧩validated\solution-sln-structure.skill\solution-sln-structure.skill.md [# Rules / MUST]
  A: - [[./Implementation/{Module}.Application.csproj.create.md#MUST|{Module}.Application.cspro
  B: - [[./Implementation/{Module}.Domain.csproj.create.md#MUST|{Module}.Domain.csproj.create]]

skills\dotnet\architecture\solutions\🧩validated\solution-sln-structure.skill\solution-sln-structure.skill.md [# Rules / MUST]
  A: - [[./Implementation/{Module}.Application.csproj.create.md#MUST|{Module}.Application.cspro
  B: - [[./Implementation/{Module}.Domain.csproj.create/{Entity}.cs.create.md#MUST|{Entity}.cs.

skills\dotnet\architecture\solutions\🧩validated\solution-sln-structure.skill\solution-sln-structure.skill.md [# Rules / MUST]
  A: - [[./Implementation/{Module}.Application.csproj.create.md#MUST|{Module}.Application.cspro
  B: - [[./Implementation/{Module}.Interfaces.csproj.create.md#MUST|{Module}.Interfaces.csproj.

skills\dotnet\architecture\solutions\🧩validated\solution-sln-structure.skill\solution-sln-structure.skill.md [# Rules / MUST]
  A: - [[./Implementation/{Module}.Domain.csproj.create.md#MUST|{Module}.Domain.csproj.create]]
  B: - [[./Implementation/{Module}.Domain.csproj.create/{Entity}.cs.create.md#MUST|{Entity}.cs.

skills\dotnet\architecture\solutions\🧩validated\solution-sln-structure.skill\solution-sln-structure.skill.md [# Rules / MUST]
  A: - [[./Implementation/{Module}.Domain.csproj.create.md#MUST|{Module}.Domain.csproj.create]]
  B: - [[./Implementation/{Module}.Interfaces.csproj.create.md#MUST|{Module}.Interfaces.csproj.

skills\dotnet\architecture\solutions\🧩validated\solution-sln-structure.skill\solution-sln-structure.skill.md [# Rules / MUST]
  A: - [[./Implementation/{Module}.Domain.csproj.create/{Entity}.cs.create.md#MUST|{Entity}.cs.
  B: - [[./Implementation/{Module}.Interfaces.csproj.create.md#MUST|{Module}.Interfaces.csproj.

skills\dotnet\architecture\solutions\🧩validated\solution-sln-structure.skill\solution-sln-structure.skill.md [# Rules / MUST NOT]
  A: - [[./Implementation/App.Host.csproj.create.md#MUST NOT|App.Host.csproj.create]]
  B: - [[./Implementation/App.Host.csproj.create/ModuleRegistration.cs.create.md#MUST NOT|Modul

skills\dotnet\architecture\solutions\🧩validated\solution-sln-structure.skill\solution-sln-structure.skill.md [# Rules / MUST NOT]
  A: - [[./Implementation/App.Host.csproj.create.md#MUST NOT|App.Host.csproj.create]]
  B: - [[./Implementation/App.Infrastructure.csproj.create.md#MUST NOT|App.Infrastructure.cspro

skills\dotnet\architecture\solutions\🧩validated\solution-sln-structure.skill\solution-sln-structure.skill.md [# Rules / MUST NOT]
  A: - [[./Implementation/App.Host.csproj.create.md#MUST NOT|App.Host.csproj.create]]
  B: - [[./Implementation/App.Infrastructure.Migrations.csproj.create.md#MUST NOT|App.Infrastru

skills\dotnet\architecture\solutions\🧩validated\solution-sln-structure.skill\solution-sln-structure.skill.md [# Rules / MUST NOT]
  A: - [[./Implementation/App.Host.csproj.create.md#MUST NOT|App.Host.csproj.create]]
  B: - [[./Implementation/App.Queries.csproj.create.md#MUST NOT|App.Queries.csproj.create]]

skills\dotnet\architecture\solutions\🧩validated\solution-sln-structure.skill\solution-sln-structure.skill.md [# Rules / MUST NOT]
  A: - [[./Implementation/App.Host.csproj.create/ModuleRegistration.cs.create.md#MUST NOT|Modul
  B: - [[./Implementation/App.Infrastructure.csproj.create.md#MUST NOT|App.Infrastructure.cspro

skills\dotnet\architecture\solutions\🧩validated\solution-sln-structure.skill\solution-sln-structure.skill.md [# Rules / MUST NOT]
  A: - [[./Implementation/App.Host.csproj.create/ModuleRegistration.cs.create.md#MUST NOT|Modul
  B: - [[./Implementation/App.Infrastructure.Migrations.csproj.create.md#MUST NOT|App.Infrastru

skills\dotnet\architecture\solutions\🧩validated\solution-sln-structure.skill\solution-sln-structure.skill.md [# Rules / MUST NOT]
  A: - [[./Implementation/App.Host.csproj.create/ModuleRegistration.cs.create.md#MUST NOT|Modul
  B: - [[./Implementation/App.Queries.csproj.create.md#MUST NOT|App.Queries.csproj.create]]

skills\dotnet\architecture\solutions\🧩validated\solution-sln-structure.skill\solution-sln-structure.skill.md [# Rules / MUST NOT]
  A: - [[./Implementation/App.Infrastructure.csproj.create.md#MUST NOT|App.Infrastructure.cspro
  B: - [[./Implementation/App.Infrastructure.Migrations.csproj.create.md#MUST NOT|App.Infrastru

skills\dotnet\architecture\solutions\🧩validated\solution-sln-structure.skill\solution-sln-structure.skill.md [# Rules / MUST NOT]
  A: - [[./Implementation/App.Infrastructure.csproj.create.md#MUST NOT|App.Infrastructure.cspro
  B: - [[./Implementation/App.Queries.csproj.create.md#MUST NOT|App.Queries.csproj.create]]

skills\dotnet\architecture\solutions\🧩validated\solution-sln-structure.skill\solution-sln-structure.skill.md [# Rules / MUST NOT]
  A: - [[./Implementation/App.Infrastructure.Migrations.csproj.create.md#MUST NOT|App.Infrastru
  B: - [[./Implementation/App.Queries.csproj.create.md#MUST NOT|App.Queries.csproj.create]]

skills\dotnet\architecture\solutions\🧩validated\solution-sln-structure.skill\solution-sln-structure.skill.md [# Rules / MUST NOT]
  A: - [[./Implementation/{Module}.Api.csproj.create.md#MUST NOT|{Module}.Api.csproj.create]]
  B: - [[./Implementation/{Module}.Application.csproj.create.md#MUST NOT|{Module}.Application.c

skills\dotnet\architecture\solutions\🧩validated\solution-sln-structure.skill\solution-sln-structure.skill.md [# Rules / MUST NOT]
  A: - [[./Implementation/{Module}.Api.csproj.create.md#MUST NOT|{Module}.Api.csproj.create]]
  B: - [[./Implementation/{Module}.Domain.csproj.create.md#MUST NOT|{Module}.Domain.csproj.crea

skills\dotnet\architecture\solutions\🧩validated\solution-sln-structure.skill\solution-sln-structure.skill.md [# Rules / MUST NOT]
  A: - [[./Implementation/{Module}.Api.csproj.create.md#MUST NOT|{Module}.Api.csproj.create]]
  B: - [[./Implementation/{Module}.Domain.csproj.create/{Entity}.cs.create.md#MUST NOT|{Entity}

skills\dotnet\architecture\solutions\🧩validated\solution-sln-structure.skill\solution-sln-structure.skill.md [# Rules / MUST NOT]
  A: - [[./Implementation/{Module}.Api.csproj.create.md#MUST NOT|{Module}.Api.csproj.create]]
  B: - [[./Implementation/{Module}.Interfaces.csproj.create.md#MUST NOT|{Module}.Interfaces.csp

skills\dotnet\architecture\solutions\🧩validated\solution-sln-structure.skill\solution-sln-structure.skill.md [# Rules / MUST NOT]
  A: - [[./Implementation/{Module}.Application.csproj.create.md#MUST NOT|{Module}.Application.c
  B: - [[./Implementation/{Module}.Domain.csproj.create.md#MUST NOT|{Module}.Domain.csproj.crea

skills\dotnet\architecture\solutions\🧩validated\solution-sln-structure.skill\solution-sln-structure.skill.md [# Rules / MUST NOT]
  A: - [[./Implementation/{Module}.Application.csproj.create.md#MUST NOT|{Module}.Application.c
  B: - [[./Implementation/{Module}.Domain.csproj.create/{Entity}.cs.create.md#MUST NOT|{Entity}

skills\dotnet\architecture\solutions\🧩validated\solution-sln-structure.skill\solution-sln-structure.skill.md [# Rules / MUST NOT]
  A: - [[./Implementation/{Module}.Application.csproj.create.md#MUST NOT|{Module}.Application.c
  B: - [[./Implementation/{Module}.Interfaces.csproj.create.md#MUST NOT|{Module}.Interfaces.csp

skills\dotnet\architecture\solutions\🧩validated\solution-sln-structure.skill\solution-sln-structure.skill.md [# Rules / MUST NOT]
  A: - [[./Implementation/{Module}.Domain.csproj.create.md#MUST NOT|{Module}.Domain.csproj.crea
  B: - [[./Implementation/{Module}.Domain.csproj.create/{Entity}.cs.create.md#MUST NOT|{Entity}

skills\dotnet\architecture\solutions\🧩validated\solution-sln-structure.skill\solution-sln-structure.skill.md [# Rules / MUST NOT]
  A: - [[./Implementation/{Module}.Domain.csproj.create.md#MUST NOT|{Module}.Domain.csproj.crea
  B: - [[./Implementation/{Module}.Interfaces.csproj.create.md#MUST NOT|{Module}.Interfaces.csp

skills\dotnet\architecture\solutions\🧩validated\solution-sln-structure.skill\solution-sln-structure.skill.md [# Rules / MUST NOT]
  A: - [[./Implementation/{Module}.Domain.csproj.create/{Entity}.cs.create.md#MUST NOT|{Entity}
  B: - [[./Implementation/{Module}.Interfaces.csproj.create.md#MUST NOT|{Module}.Interfaces.csp

skills\dotnet\architecture\solutions\🧩validated\solution-sln-structure.skill\solution-sln-structure.skill.md [# Rules / MUST NOT]
  A: - Module reference another module's Domain
  B: - Module reference another module's Application

skills\dotnet\architecture\solutions\🧩validated\solution-sln-structure.skill\solution-sln-structure.skill.md [# Rules / MUST NOT]
  A: - Module reference another module's Domain
  B: - Any module Domain reference another module's project

skills\dotnet\architecture\solutions\🧩validated\solution-sln-structure.skill\solution-sln-structure.skill.md [# Rules / MUST NOT]
  A: - Module reference another module's Application
  B: - Any module Domain reference another module's project

skills\dotnet\architecture\solutions\🧩validated\solution-sln-structure.skill\solution-sln-structure.skill.md [# Rules / MUST NOT]
  A: - Domain reference any other module's project
  B: - Any module Domain reference another module's project

skills\dotnet\architecture\solutions\🧩validated\solution-sln-structure.skill\solution-sln-structure.skill.md [# Rules / MUST NOT]
  A: - Api reference Domain or Application directly
  B: - Any module Api reference Domain or Application directly

skills\dotnet\architecture\solutions\🧩validated\solution-sln-structure.skill\solution-sln-structure.skill.md [# Rules / MUST NOT]
  A: - Api reference Domain or Application directly
  B: - [ ] Api does not reference Domain or Application directly

skills\dotnet\architecture\solutions\🧩validated\solution-sln-structure.skill\solution-sln-structure.skill.md [# Rules / MUST NOT]
  A: - Any module Domain reference another module's project
  B: - Any module Api reference Domain or Application directly

skills\dotnet\architecture\solutions\🧩validated\solution-sln-structure.skill\solution-sln-structure.skill.md [# Rules / MUST NOT]
  A: - Any module Api reference Domain or Application directly
  B: - [ ] Api does not reference Domain or Application directly

skills\dotnet\architecture\solutions\🧩validated\solution-sln-structure.skill\solution-sln-structure.skill.md [# Rules / MUST NOT]
  A: - Cross-module JOIN logic in Application — belongs in App.Queries
  B: - Cross-module JOIN in module Application — belongs in App.Queries

skills\dotnet\architecture\solutions\🧩validated\solution-sln-structure.skill\solution-sln-structure.skill.md [# Rules / MUST NOT]
  A: - Cross-module JOIN logic in Application — belongs in App.Queries
  B: - [ ] App.Queries contains only cross-module JOIN handlers

skills\dotnet\architecture\solutions\🧩validated\solution-sln-structure.skill\solution-sln-structure.skill.md [# Rules / MUST NOT]
  A: - Cross-module JOIN in module Application — belongs in App.Queries
  B: - [ ] App.Queries contains only cross-module JOIN handlers

skills\dotnet\architecture\solutions\🧩validated\solution-sln-structure.skill\solution-sln-structure.skill.md [# Rules / MUST NOT]
  A: - Cross-module JOIN in module Application — belongs in App.Queries
  B: - [ ] No module Application references App.Infrastructure or App.Queries

skills\dotnet\architecture\solutions\🧩validated\solution-sln-structure.skill\solution-sln-structure.skill.md [# Rules / MUST NOT]
  A: - Pipeline behaviors registered inside module registration — register once in App.Host
  B: - [ ] Pipeline behaviors registered in App.Host only

skills\dotnet\architecture\solutions\🧩validated\solution-sln-structure.skill\solution-sln-structure.skill.md [# Rules / MUST NOT]
  A: - Business logic in App.Host — wiring only
  B: - [ ] Pipeline behaviors registered in App.Host only

skills\dotnet\architecture\solutions\🧩validated\solution-sln-structure.skill\solution-sln-structure.skill.md [# Rules / MUST NOT]
  A: - [ ] Application does not reference Infrastructure or App.Queries
  B: - [ ] Api does not reference Domain or Application directly

skills\dotnet\architecture\solutions\🧩validated\solution-sln-structure.skill\solution-sln-structure.skill.md [# Rules / MUST NOT]
  A: - [ ] Application does not reference Infrastructure or App.Queries
  B: - [ ] No module Application references App.Infrastructure or App.Queries

skills\dotnet\architecture\solutions\🧩validated\solution-sln-structure.skill\solution-sln-structure.skill.md [# Rules / MUST NOT]
  A: - [ ] Shared.csproj has no project references and contains only interface definitions
  B: - [ ] BuildingBlocks.csproj references only Shared and contains only pattern implementatio

skills\dotnet\architecture\solutions\🧩validated\solution-sln-structure.skill\solution-sln-structure.skill.md [# Rules / MUST NOT]
  A: - [ ] App.Infrastructure is the only project with DbContext
  B: - [ ] App.Host is the only project referencing all modules

skills\dotnet\architecture\solutions\🧩validated\solution-soft-value-objects-and-dto-validators.skill\Implementation\{Module}.Application.csproj.extend\{Dto}.Validator.cs.create.md [# Rule changes / SHOULD]
  A: - [ ] When a valid RequestDto is validated Then no errors are returned
  B: - [ ] When a RequestDto with an invalid `Soft{ValueObject}` property is validated Then val

skills\dotnet\architecture\solutions\🧩validated\solution-soft-value-objects-and-dto-validators.skill\Implementation\{Module}.Application.csproj.extend\{Dto}.Validator.cs.create.md [# Rule changes / MUST NOT]
  A: - Inject repositories or services
  B: - Validators inject repositories, `DbContext`, or services

skills\dotnet\architecture\solutions\🧩validated\solution-soft-value-objects-and-dto-validators.skill\Implementation\{Module}.Application.csproj.extend\{Dto}.Validator.cs.create.md [# Rule changes / MUST NOT]
  A: - Contain business rules
  B: - Validators contain business rules

skills\dotnet\architecture\solutions\🧩validated\solution-soft-value-objects-and-dto-validators.skill\Implementation\{Module}.Application.csproj.extend\{ValueObject}PropertyValidator.cs.create.md [# Rule changes / MUST NOT]
  A: - [ ] When a valid `Soft{ValueObject}` is validated Then no errors are returned
  B: - [ ] When an invalid `Soft{ValueObject}` is validated Then validation errors are returned

skills\dotnet\architecture\solutions\🧩validated\solution-soft-value-objects-and-dto-validators.skill\Implementation\{Module}.Application.csproj.extend.md [# Rules / MUST]
  A: - Add `/Validators/Property` folder containing `{ValueObject}PropertyValidator.cs`
  B: - Add `/Validators/Model` folder containing `{Dto}Validator.cs`

skills\dotnet\architecture\solutions\🧩validated\solution-soft-value-objects-and-dto-validators.skill\Implementation\{Module}.Domain.csproj.extend\{ValueObject}.cs.extend.md [# Rule changes / MUST]
  A: - For every `{ValueObject}` in `/{Module}.Domain/ValueObjects` there is a `Soft{ValueObjec
  B: - For every `Soft{ValueObject}` there is a `{ValueObject}PropertyValidator` in `/{Module}.

skills\dotnet\architecture\solutions\🧩validated\solution-soft-value-objects-and-dto-validators.skill\Implementation\{Module}.Domain.csproj.extend\{ValueObject}.cs.extend.md [# Rule changes / MUST NOT]
  A: - [ ] When Domain `{ValueObject}` is created with a valid value Then the object is created
  B: - [ ] When Domain `{ValueObject}` is created with an invalid value Then `DomainException` 

skills\dotnet\architecture\solutions\🧩validated\solution-soft-value-objects-and-dto-validators.skill\Implementation\{Module}.Domain.csproj.extend\{ValueObject}.cs.extend.md [# Rule changes / MUST NOT]
  A: - [ ] When Domain `{ValueObject}` is created with a valid value Then the object is created
  B: - [ ] When Domain `{ValueObject}` is created Then it calls a Rule for validation

skills\dotnet\architecture\solutions\🧩validated\solution-soft-value-objects-and-dto-validators.skill\Implementation\{Module}.Domain.csproj.extend\{ValueObject}.cs.extend.md [# Rule changes / MUST NOT]
  A: - [ ] When Domain `{ValueObject}` is created with an invalid value Then `DomainException` 
  B: - [ ] When Domain `{ValueObject}` is created Then it calls a Rule for validation

skills\dotnet\architecture\solutions\🧩validated\solution-soft-value-objects-and-dto-validators.skill\Implementation\{Module}.Domain.csproj.extend.md [# Rules / MUST NOT]
  A: - Domain VO not inheriting from `Soft{ValueObject}`
  B: - [ ] Every Domain VO inherits from `Soft{ValueObject}`

skills\dotnet\architecture\solutions\🧩validated\solution-soft-value-objects-and-dto-validators.skill\Implementation\{Module}.Interfaces.csproj.extend\Soft{ValueObject}.cs.create.md [# Rule changes / MUST NOT]
  A: - [ ] When `Soft{ValueObject}` is created with an invalid value Then no exception is throw
  B: - [ ] When `Soft{ValueObject}` is created with a valid value Then properties are set corre

skills\dotnet\architecture\solutions\🧩validated\solution-soft-value-objects-and-dto-validators.skill\solution-soft-value-objects-and-dto-validators.skill.md [# Rules / MUST]
  A: - [[./Implementation/{Module}.Application.csproj.extend.md#MUST|{Module}.Application.cspro
  B: - [[./Implementation/{Module}.Application.csproj.extend/{Dto}.Validator.cs.create.md#MUST|

skills\dotnet\architecture\solutions\🧩validated\solution-soft-value-objects-and-dto-validators.skill\solution-soft-value-objects-and-dto-validators.skill.md [# Rules / MUST]
  A: - [[./Implementation/{Module}.Application.csproj.extend.md#MUST|{Module}.Application.cspro
  B: - [[./Implementation/{Module}.Application.csproj.extend/{ValueObject}PropertyValidator.cs.

skills\dotnet\architecture\solutions\🧩validated\solution-soft-value-objects-and-dto-validators.skill\solution-soft-value-objects-and-dto-validators.skill.md [# Rules / MUST]
  A: - [[./Implementation/{Module}.Application.csproj.extend.md#MUST|{Module}.Application.cspro
  B: - [[./Implementation/{Module}.Domain.csproj.extend.md#MUST|{Module}.Domain.csproj.extend]]

skills\dotnet\architecture\solutions\🧩validated\solution-soft-value-objects-and-dto-validators.skill\solution-soft-value-objects-and-dto-validators.skill.md [# Rules / MUST]
  A: - [[./Implementation/{Module}.Application.csproj.extend.md#MUST|{Module}.Application.cspro
  B: - [[./Implementation/{Module}.Domain.csproj.extend/{ValueObject}.cs.extend.md#MUST|{ValueO

skills\dotnet\architecture\solutions\🧩validated\solution-soft-value-objects-and-dto-validators.skill\solution-soft-value-objects-and-dto-validators.skill.md [# Rules / MUST]
  A: - [[./Implementation/{Module}.Application.csproj.extend.md#MUST|{Module}.Application.cspro
  B: - [[./Implementation/{Module}.Interfaces.csproj.extend.md#MUST|{Module}.Interfaces.csproj.

skills\dotnet\architecture\solutions\🧩validated\solution-soft-value-objects-and-dto-validators.skill\solution-soft-value-objects-and-dto-validators.skill.md [# Rules / MUST]
  A: - [[./Implementation/{Module}.Application.csproj.extend/{Dto}.Validator.cs.create.md#MUST|
  B: - [[./Implementation/{Module}.Application.csproj.extend/{ValueObject}PropertyValidator.cs.

skills\dotnet\architecture\solutions\🧩validated\solution-soft-value-objects-and-dto-validators.skill\solution-soft-value-objects-and-dto-validators.skill.md [# Rules / MUST]
  A: - [[./Implementation/{Module}.Application.csproj.extend/{Dto}.Validator.cs.create.md#MUST|
  B: - [[./Implementation/{Module}.Domain.csproj.extend/{ValueObject}.cs.extend.md#MUST|{ValueO

skills\dotnet\architecture\solutions\🧩validated\solution-soft-value-objects-and-dto-validators.skill\solution-soft-value-objects-and-dto-validators.skill.md [# Rules / MUST]
  A: - [[./Implementation/{Module}.Application.csproj.extend/{Dto}.Validator.cs.create.md#MUST|
  B: - [[./Implementation/{Module}.Interfaces.csproj.extend/Soft{ValueObject}.cs.create.md#MUST

skills\dotnet\architecture\solutions\🧩validated\solution-soft-value-objects-and-dto-validators.skill\solution-soft-value-objects-and-dto-validators.skill.md [# Rules / MUST]
  A: - [[./Implementation/{Module}.Application.csproj.extend/{ValueObject}PropertyValidator.cs.
  B: - [[./Implementation/{Module}.Domain.csproj.extend/{ValueObject}.cs.extend.md#MUST|{ValueO

skills\dotnet\architecture\solutions\🧩validated\solution-soft-value-objects-and-dto-validators.skill\solution-soft-value-objects-and-dto-validators.skill.md [# Rules / MUST]
  A: - [[./Implementation/{Module}.Application.csproj.extend/{ValueObject}PropertyValidator.cs.
  B: - [[./Implementation/{Module}.Interfaces.csproj.extend/Soft{ValueObject}.cs.create.md#MUST

skills\dotnet\architecture\solutions\🧩validated\solution-soft-value-objects-and-dto-validators.skill\solution-soft-value-objects-and-dto-validators.skill.md [# Rules / MUST]
  A: - [[./Implementation/{Module}.Domain.csproj.extend.md#MUST|{Module}.Domain.csproj.extend]]
  B: - [[./Implementation/{Module}.Domain.csproj.extend/{ValueObject}.cs.extend.md#MUST|{ValueO

skills\dotnet\architecture\solutions\🧩validated\solution-soft-value-objects-and-dto-validators.skill\solution-soft-value-objects-and-dto-validators.skill.md [# Rules / MUST]
  A: - [[./Implementation/{Module}.Domain.csproj.extend.md#MUST|{Module}.Domain.csproj.extend]]
  B: - [[./Implementation/{Module}.Interfaces.csproj.extend.md#MUST|{Module}.Interfaces.csproj.

skills\dotnet\architecture\solutions\🧩validated\solution-soft-value-objects-and-dto-validators.skill\solution-soft-value-objects-and-dto-validators.skill.md [# Rules / MUST]
  A: - [[./Implementation/{Module}.Domain.csproj.extend/{ValueObject}.cs.extend.md#MUST|{ValueO
  B: - [[./Implementation/{Module}.Interfaces.csproj.extend.md#MUST|{Module}.Interfaces.csproj.

skills\dotnet\architecture\solutions\🧩validated\solution-soft-value-objects-and-dto-validators.skill\solution-soft-value-objects-and-dto-validators.skill.md [# Rules / MUST]
  A: - [[./Implementation/{Module}.Domain.csproj.extend/{ValueObject}.cs.extend.md#MUST|{ValueO
  B: - [[./Implementation/{Module}.Interfaces.csproj.extend/Soft{ValueObject}.cs.create.md#MUST

skills\dotnet\architecture\solutions\🧩validated\solution-soft-value-objects-and-dto-validators.skill\solution-soft-value-objects-and-dto-validators.skill.md [# Rules / SHOULD]
  A: - [[./Implementation/{Module}.Domain.csproj.extend.md#SHOULD|{Module}.Domain.csproj.extend
  B: - [[./Implementation/{Module}.Domain.csproj.extend/{ValueObject}.cs.extend.md#SHOULD|{Valu

skills\dotnet\architecture\solutions\🧩validated\solution-soft-value-objects-and-dto-validators.skill\solution-soft-value-objects-and-dto-validators.skill.md [# Rules / SHOULD]
  A: - [[./Implementation/{Module}.Domain.csproj.extend.md#SHOULD|{Module}.Domain.csproj.extend
  B: - [[./Implementation/{Module}.Interfaces.csproj.extend.md#SHOULD|{Module}.Interfaces.cspro

skills\dotnet\architecture\solutions\🧩validated\solution-soft-value-objects-and-dto-validators.skill\solution-soft-value-objects-and-dto-validators.skill.md [# Rules / SHOULD]
  A: - [[./Implementation/{Module}.Domain.csproj.extend/{ValueObject}.cs.extend.md#SHOULD|{Valu
  B: - [[./Implementation/{Module}.Interfaces.csproj.extend.md#SHOULD|{Module}.Interfaces.cspro

skills\dotnet\architecture\solutions\🧩validated\solution-soft-value-objects-and-dto-validators.skill\solution-soft-value-objects-and-dto-validators.skill.md [# Rules / SHOULD]
  A: - [[./Implementation/{Module}.Domain.csproj.extend/{ValueObject}.cs.extend.md#SHOULD|{Valu
  B: - [[./Implementation/{Module}.Interfaces.csproj.extend/Soft{ValueObject}.cs.create.md#SHOU

skills\dotnet\architecture\solutions\🧩validated\solution-soft-value-objects-and-dto-validators.skill\solution-soft-value-objects-and-dto-validators.skill.md [# Rules / MUST NOT]
  A: - [[./Implementation/{Module}.Application.csproj.extend.md#MUST NOT|{Module}.Application.c
  B: - [[./Implementation/{Module}.Application.csproj.extend/{Dto}.Validator.cs.create.md#MUST 

skills\dotnet\architecture\solutions\🧩validated\solution-soft-value-objects-and-dto-validators.skill\solution-soft-value-objects-and-dto-validators.skill.md [# Rules / MUST NOT]
  A: - [[./Implementation/{Module}.Application.csproj.extend.md#MUST NOT|{Module}.Application.c
  B: - [[./Implementation/{Module}.Application.csproj.extend/{ValueObject}PropertyValidator.cs.

skills\dotnet\architecture\solutions\🧩validated\solution-soft-value-objects-and-dto-validators.skill\solution-soft-value-objects-and-dto-validators.skill.md [# Rules / MUST NOT]
  A: - [[./Implementation/{Module}.Application.csproj.extend.md#MUST NOT|{Module}.Application.c
  B: - [[./Implementation/{Module}.Domain.csproj.extend.md#MUST NOT|{Module}.Domain.csproj.exte

skills\dotnet\architecture\solutions\🧩validated\solution-soft-value-objects-and-dto-validators.skill\solution-soft-value-objects-and-dto-validators.skill.md [# Rules / MUST NOT]
  A: - [[./Implementation/{Module}.Application.csproj.extend.md#MUST NOT|{Module}.Application.c
  B: - [[./Implementation/{Module}.Domain.csproj.extend/{ValueObject}.cs.extend.md#MUST NOT|{Va

skills\dotnet\architecture\solutions\🧩validated\solution-soft-value-objects-and-dto-validators.skill\solution-soft-value-objects-and-dto-validators.skill.md [# Rules / MUST NOT]
  A: - [[./Implementation/{Module}.Application.csproj.extend.md#MUST NOT|{Module}.Application.c
  B: - [[./Implementation/{Module}.Interfaces.csproj.extend.md#MUST NOT|{Module}.Interfaces.csp

skills\dotnet\architecture\solutions\🧩validated\solution-soft-value-objects-and-dto-validators.skill\solution-soft-value-objects-and-dto-validators.skill.md [# Rules / MUST NOT]
  A: - [[./Implementation/{Module}.Application.csproj.extend/{Dto}.Validator.cs.create.md#MUST 
  B: - [[./Implementation/{Module}.Application.csproj.extend/{ValueObject}PropertyValidator.cs.

skills\dotnet\architecture\solutions\🧩validated\solution-soft-value-objects-and-dto-validators.skill\solution-soft-value-objects-and-dto-validators.skill.md [# Rules / MUST NOT]
  A: - [[./Implementation/{Module}.Application.csproj.extend/{Dto}.Validator.cs.create.md#MUST 
  B: - [[./Implementation/{Module}.Domain.csproj.extend/{ValueObject}.cs.extend.md#MUST NOT|{Va

skills\dotnet\architecture\solutions\🧩validated\solution-soft-value-objects-and-dto-validators.skill\solution-soft-value-objects-and-dto-validators.skill.md [# Rules / MUST NOT]
  A: - [[./Implementation/{Module}.Application.csproj.extend/{Dto}.Validator.cs.create.md#MUST 
  B: - [[./Implementation/{Module}.Interfaces.csproj.extend/Soft{ValueObject}.cs.create.md#MUST

skills\dotnet\architecture\solutions\🧩validated\solution-soft-value-objects-and-dto-validators.skill\solution-soft-value-objects-and-dto-validators.skill.md [# Rules / MUST NOT]
  A: - [[./Implementation/{Module}.Application.csproj.extend/{ValueObject}PropertyValidator.cs.
  B: - [[./Implementation/{Module}.Domain.csproj.extend/{ValueObject}.cs.extend.md#MUST NOT|{Va

skills\dotnet\architecture\solutions\🧩validated\solution-soft-value-objects-and-dto-validators.skill\solution-soft-value-objects-and-dto-validators.skill.md [# Rules / MUST NOT]
  A: - [[./Implementation/{Module}.Application.csproj.extend/{ValueObject}PropertyValidator.cs.
  B: - [[./Implementation/{Module}.Interfaces.csproj.extend/Soft{ValueObject}.cs.create.md#MUST

skills\dotnet\architecture\solutions\🧩validated\solution-soft-value-objects-and-dto-validators.skill\solution-soft-value-objects-and-dto-validators.skill.md [# Rules / MUST NOT]
  A: - [[./Implementation/{Module}.Domain.csproj.extend.md#MUST NOT|{Module}.Domain.csproj.exte
  B: - [[./Implementation/{Module}.Domain.csproj.extend/{ValueObject}.cs.extend.md#MUST NOT|{Va

skills\dotnet\architecture\solutions\🧩validated\solution-soft-value-objects-and-dto-validators.skill\solution-soft-value-objects-and-dto-validators.skill.md [# Rules / MUST NOT]
  A: - [[./Implementation/{Module}.Domain.csproj.extend.md#MUST NOT|{Module}.Domain.csproj.exte
  B: - [[./Implementation/{Module}.Interfaces.csproj.extend.md#MUST NOT|{Module}.Interfaces.csp

skills\dotnet\architecture\solutions\🧩validated\solution-soft-value-objects-and-dto-validators.skill\solution-soft-value-objects-and-dto-validators.skill.md [# Rules / MUST NOT]
  A: - [[./Implementation/{Module}.Domain.csproj.extend/{ValueObject}.cs.extend.md#MUST NOT|{Va
  B: - [[./Implementation/{Module}.Interfaces.csproj.extend.md#MUST NOT|{Module}.Interfaces.csp

skills\dotnet\architecture\solutions\🧩validated\solution-soft-value-objects-and-dto-validators.skill\solution-soft-value-objects-and-dto-validators.skill.md [# Rules / MUST NOT]
  A: - [[./Implementation/{Module}.Domain.csproj.extend/{ValueObject}.cs.extend.md#MUST NOT|{Va
  B: - [[./Implementation/{Module}.Interfaces.csproj.extend/Soft{ValueObject}.cs.create.md#MUST

skills\dotnet\architecture\solutions\🧩validated\solution-soft-value-objects-and-dto-validators.skill\solution-soft-value-objects-and-dto-validators.skill.md [# Rules / MUST NOT]
  A: - [[./Implementation/{Module}.Interfaces.csproj.extend.md#MUST NOT|{Module}.Interfaces.csp
  B: - [[./Implementation/{Module}.Interfaces.csproj.extend/Soft{ValueObject}.cs.create.md#MUST

skills\dotnet\architecture\solutions\🧩validated\solution-soft-value-objects-and-dto-validators.skill\solution-soft-value-objects-and-dto-validators.skill.md [# Rules / MUST NOT]
  A: - Domain Value Object not inheriting from `Soft{ValueObject}`
  B: - [ ] `Soft{ValueObject}` exists for every Domain Value Object

skills\dotnet\architecture\solutions\🧩validated\solution-soft-value-objects-and-dto-validators.skill\solution-soft-value-objects-and-dto-validators.skill.md [# Rules / MUST NOT]
  A: - Domain Value Object not inheriting from `Soft{ValueObject}`
  B: - [ ] Domain Value Object inherits from `Soft{ValueObject}`

skills\dotnet\architecture\solutions\🧩validated\solution-soft-value-objects-and-dto-validators.skill\solution-soft-value-objects-and-dto-validators.skill.md [# Rules / MUST NOT]
  A: - Domain Value Object validating values without calling a Rule
  B: - [ ] Domain Value Object validates values by calling the Rule

skills\dotnet\architecture\solutions\🧩validated\solution-soft-value-objects-and-dto-validators.skill\solution-soft-value-objects-and-dto-validators.skill.md [# Rules / MUST NOT]
  A: - [ ] `Soft{ValueObject}` exists for every Domain Value Object
  B: - [ ] Domain Value Object inherits from `Soft{ValueObject}`

skills\dotnet\architecture\solutions\🧩validated\solution-soft-value-objects-and-dto-validators.skill\solution-soft-value-objects-and-dto-validators.skill.md [# Rules / MUST NOT]
  A: - [ ] `Soft{ValueObject}` exists for every Domain Value Object
  B: - [ ] Domain Value Object throws `DomainException` for invalid values

skills\dotnet\architecture\solutions\🧩validated\solution-soft-value-objects-and-dto-validators.skill\solution-soft-value-objects-and-dto-validators.skill.md [# Rules / MUST NOT]
  A: - [ ] `Soft{ValueObject}` exists for every Domain Value Object
  B: - [ ] `{ValueObject}PropertyValidator` exists for every `Soft{ValueObject}`

skills\dotnet\architecture\solutions\🧩validated\solution-soft-value-objects-and-dto-validators.skill\solution-soft-value-objects-and-dto-validators.skill.md [# Rules / MUST NOT]
  A: - [ ] Validators are in `/{Module}.Application/Validators`
  B: - [ ] Validators are registered by `AddValidatorsFromAssembly` in `{Module}.Application`

skills\dotnet\architecture\solutions\🧩validated\solution-soft-value-objects-and-dto-validators.skill\solution-soft-value-objects-and-dto-validators.skill.md [# Rules / MUST NOT]
  A: - [ ] Domain Value Object validates values by calling the Rule
  B: - [ ] PropertyValidator validates `Soft{ValueObject}` by calling the Rule

skills\dotnet\architecture\solutions\🧩validated\solution-unit-of-work.skill\Implementation\App.Host.csproj.extend\RepositoryRegistration.cs.extend.md [# Rule changes / MUST NOT]
  A: - [ ] `IUnitOfWork` registered as `Scoped`
  B: - [ ] WHEN verified THEN IUnitOfWork registered as Scoped

skills\dotnet\architecture\solutions\🧩validated\solution-unit-of-work.skill\Implementation\App.Host.csproj.extend\RepositoryRegistration.cs.extend.md [# Rule changes / MUST NOT]
  A: - [ ] `UnitOfWorkContext` registered as `Scoped`
  B: - [ ] WHEN verified THEN UnitOfWorkContext registered as Scoped

skills\dotnet\architecture\solutions\🧩validated\solution-unit-of-work.skill\Implementation\App.Host.csproj.extend\RepositoryRegistration.cs.extend.md [# Rule changes / MUST NOT]
  A: - [ ] WHEN verified THEN IUnitOfWork registered as Scoped
  B: - [ ] WHEN verified THEN UnitOfWorkContext registered as Scoped

skills\dotnet\architecture\solutions\🧩validated\solution-unit-of-work.skill\Implementation\App.Infrastructure.csproj.extend\UnitOfWork.cs.create.md [# Rule changes / MUST]
  A: - Registered as `Scoped`
  B: - `UnitOfWorkContext` defined in BuildingBlocks — registered as `Scoped`

skills\dotnet\architecture\solutions\🧩validated\solution-unit-of-work.skill\Implementation\App.Infrastructure.csproj.extend\UnitOfWork.cs.create.md [# Rule changes / MUST]
  A: - Registered as `Scoped`
  B: - `IUnitOfWork` and `UnitOfWorkContext` registered as `Scoped`

skills\dotnet\architecture\solutions\🧩validated\solution-unit-of-work.skill\Implementation\App.Infrastructure.csproj.extend\UnitOfWork.cs.create.md [# Rule changes / MUST]
  A: - `UnitOfWorkContext` defined in BuildingBlocks — registered as `Scoped`
  B: - `IUnitOfWork` and `UnitOfWorkContext` registered as `Scoped`

skills\dotnet\architecture\solutions\🧩validated\solution-unit-of-work.skill\Implementation\App.Infrastructure.csproj.extend\UnitOfWork.cs.create.md [# Rule changes / MUST NOT]
  A: - [ ] `UnitOfWork` implements `IUnitOfWork`
  B: - [ ] WHEN verified THEN UnitOfWork implements IUnitOfWork

skills\dotnet\architecture\solutions\🧩validated\solution-unit-of-work.skill\Implementation\App.Infrastructure.csproj.extend\UnitOfWork.cs.create.md [# Rule changes / MUST NOT]
  A: - [ ] Delegates directly to `AppDbContext.SaveChangesAsync`
  B: - [ ] WHEN verified THEN Delegates directly to AppDbContext.SaveChangesAsync

skills\dotnet\architecture\solutions\🧩validated\solution-unit-of-work.skill\Implementation\App.Infrastructure.csproj.extend\UnitOfWork.cs.create.md [# Rule changes / MUST NOT]
  A: - [ ] Registered as `Scoped`
  B: - [ ] WHEN applied THEN Registered as Scoped — same DbContext instance as Repository<T>, e

skills\dotnet\architecture\solutions\🧩validated\solution-unit-of-work.skill\Implementation\App.Infrastructure.csproj.extend\UnitOfWork.cs.create.md [# Rule changes / MUST NOT]
  A: - [ ] Registered as `Scoped`
  B: - [ ] WHEN verified THEN Registered as Scoped

skills\dotnet\architecture\solutions\🧩validated\solution-unit-of-work.skill\Implementation\BuildingBlocks.csproj.extend\UnitOfWorkBehavior.cs.create.md [# Rule changes / MUST NOT]
  A: - [ ] `UnitOfWorkBehavior` constrained to `where TRequest : ICommand`
  B: - [ ] WHEN verified THEN UnitOfWorkBehavior constrained to where TRequest : ICommand

skills\dotnet\architecture\solutions\🧩validated\solution-unit-of-work.skill\Implementation\BuildingBlocks.csproj.extend\UnitOfWorkBehavior.cs.create.md [# Rule changes / MUST NOT]
  A: - [ ] `try/finally` wraps the entire handler invocation
  B: - [ ] WHEN verified THEN try/finally wraps the entire handler invocation

skills\dotnet\architecture\solutions\🧩validated\solution-unit-of-work.skill\Implementation\BuildingBlocks.csproj.extend\UnitOfWorkBehavior.cs.create.md [# Rule changes / MUST NOT]
  A: - [ ] `SaveChangesAsync` called only when `_context.Depth == 1`
  B: - [ ] WHEN verified THEN SaveChangesAsync called only when _context.Depth == 1

skills\dotnet\architecture\solutions\🧩validated\solution-unit-of-work.skill\Implementation\BuildingBlocks.csproj.extend\UnitOfWorkBehavior.cs.create.md [# Rule changes / MUST NOT]
  A: - [ ] `_context.Enter()` called before `next()` and `_context.Leave()` called in `finally`
  B: - [ ] WHEN verified THEN _context.Enter() called before next() and _context.Leave() called

skills\dotnet\architecture\solutions\🧩validated\solution-unit-of-work.skill\Implementation\BuildingBlocks.csproj.extend\UnitOfWorkBehavior.cs.create.md [# Rule changes / MUST NOT]
  A: - [ ] WHEN applied THEN Constrained to where TRequest : ICommand — never activates for que
  B: - [ ] WHEN verified THEN UnitOfWorkBehavior constrained to where TRequest : ICommand

skills\dotnet\architecture\solutions\🧩validated\solution-unit-of-work.skill\Implementation\BuildingBlocks.csproj.extend\UnitOfWorkContext.cs.create.md [# Rule changes / MUST NOT]
  A: - [ ] `UnitOfWorkContext` is a plain class with `Enter()`, `Leave()`, and read-only `Depth
  B: - [ ] WHEN verified THEN UnitOfWorkContext is a plain class with Enter(), Leave(), and rea

skills\dotnet\architecture\solutions\🧩validated\solution-unit-of-work.skill\Implementation\BuildingBlocks.csproj.extend\UnitOfWorkContext.cs.create.md [# Rule changes / MUST NOT]
  A: - [ ] Registered as `Scoped`
  B: - [ ] WHEN applied THEN Registered as Scoped — one instance shared across all nested _medi

skills\dotnet\architecture\solutions\🧩validated\solution-unit-of-work.skill\Implementation\BuildingBlocks.csproj.extend\UnitOfWorkContext.cs.create.md [# Rule changes / MUST NOT]
  A: - [ ] Registered as `Scoped`
  B: - [ ] WHEN verified THEN Registered as Scoped

skills\dotnet\architecture\solutions\🧩validated\solution-unit-of-work.skill\Implementation\BuildingBlocks.csproj.extend\UnitOfWorkContext.cs.create.md [# Rule changes / MUST NOT]
  A: - [ ] Never injected into handlers
  B: - [ ] WHEN verified THEN Never injected into handlers

skills\dotnet\architecture\solutions\🧩validated\solution-unit-of-work.skill\Implementation\Shared.csproj.extend.md [# Rules / MUST NOT]
  A: - Shared reference EF Core
  B: - [ ] No EF Core reference in Shared

skills\dotnet\architecture\solutions\🧩validated\solution-unit-of-work.skill\solution-unit-of-work.skill.md [# Rules / MUST]
  A: - [[./Implementation/App.Host.csproj.extend.md#MUST|App.Host.csproj.extend]]
  B: - [[./Implementation/App.Host.csproj.extend/RepositoryRegistration.cs.extend.md#MUST|Repos

skills\dotnet\architecture\solutions\🧩validated\solution-unit-of-work.skill\solution-unit-of-work.skill.md [# Rules / MUST]
  A: - [[./Implementation/App.Host.csproj.extend.md#MUST|App.Host.csproj.extend]]
  B: - [[./Implementation/App.Infrastructure.csproj.extend.md#MUST|App.Infrastructure.csproj.ex

skills\dotnet\architecture\solutions\🧩validated\solution-unit-of-work.skill\solution-unit-of-work.skill.md [# Rules / MUST]
  A: - [[./Implementation/BuildingBlocks.csproj.extend/UnitOfWorkBehavior.cs.create.md#MUST|Uni
  B: - [[./Implementation/BuildingBlocks.csproj.extend/UnitOfWorkContext.cs.create.md#MUST|Unit

skills\dotnet\architecture\solutions\🧩validated\solution-unit-of-work.skill\solution-unit-of-work.skill.md [# Rules / MUST NOT]
  A: - [[./Implementation/App.Host.csproj.extend.md#MUST NOT|App.Host.csproj.extend]]
  B: - [[./Implementation/App.Host.csproj.extend/RepositoryRegistration.cs.extend.md#MUST NOT|R

skills\dotnet\architecture\solutions\🧩validated\solution-unit-of-work.skill\solution-unit-of-work.skill.md [# Rules / MUST NOT]
  A: - [[./Implementation/App.Host.csproj.extend.md#MUST NOT|App.Host.csproj.extend]]
  B: - [[./Implementation/App.Infrastructure.csproj.extend.md#MUST NOT|App.Infrastructure.cspro

skills\dotnet\architecture\solutions\🧩validated\solution-unit-of-work.skill\solution-unit-of-work.skill.md [# Rules / MUST NOT]
  A: - [[./Implementation/App.Host.csproj.extend/RepositoryRegistration.cs.extend.md#MUST NOT|R
  B: - [[./Implementation/App.Infrastructure.csproj.extend.md#MUST NOT|App.Infrastructure.cspro

skills\dotnet\architecture\solutions\🧩validated\solution-unit-of-work.skill\solution-unit-of-work.skill.md [# Rules / MUST NOT]
  A: - [[./Implementation/App.Host.csproj.extend/RepositoryRegistration.cs.extend.md#MUST NOT|R
  B: - [[./Implementation/App.Infrastructure.csproj.extend/UnitOfWork.cs.create.md#MUST NOT|Uni

skills\dotnet\architecture\solutions\🧩validated\solution-unit-of-work.skill\solution-unit-of-work.skill.md [# Rules / MUST NOT]
  A: - [[./Implementation/App.Infrastructure.csproj.extend.md#MUST NOT|App.Infrastructure.cspro
  B: - [[./Implementation/App.Infrastructure.csproj.extend/UnitOfWork.cs.create.md#MUST NOT|Uni

skills\dotnet\architecture\solutions\🧩validated\solution-unit-of-work.skill\solution-unit-of-work.skill.md [# Rules / MUST NOT]
  A: - [[./Implementation/App.Infrastructure.csproj.extend/UnitOfWork.cs.create.md#MUST NOT|Uni
  B: - [[./Implementation/BuildingBlocks.csproj.extend/UnitOfWorkBehavior.cs.create.md#MUST NOT

skills\dotnet\architecture\solutions\🧩validated\solution-unit-of-work.skill\solution-unit-of-work.skill.md [# Rules / MUST NOT]
  A: - [[./Implementation/App.Infrastructure.csproj.extend/UnitOfWork.cs.create.md#MUST NOT|Uni
  B: - [[./Implementation/BuildingBlocks.csproj.extend/UnitOfWorkContext.cs.create.md#MUST NOT|

skills\dotnet\architecture\solutions\🧩validated\solution-unit-of-work.skill\solution-unit-of-work.skill.md [# Rules / MUST NOT]
  A: - [[./Implementation/App.Infrastructure.csproj.extend/UnitOfWork.cs.create.md#MUST NOT|Uni
  B: - [[./Implementation/Shared.csproj.extend/IUnitOfWork.cs.create.md#MUST NOT|IUnitOfWork.cs

skills\dotnet\architecture\solutions\🧩validated\solution-unit-of-work.skill\solution-unit-of-work.skill.md [# Rules / MUST NOT]
  A: - [[./Implementation/BuildingBlocks.csproj.extend/UnitOfWorkBehavior.cs.create.md#MUST NOT
  B: - [[./Implementation/BuildingBlocks.csproj.extend/UnitOfWorkContext.cs.create.md#MUST NOT|

skills\dotnet\architecture\solutions\🧩validated\solution-unit-of-work.skill\solution-unit-of-work.skill.md [# Rules / MUST NOT]
  A: - [[./Implementation/BuildingBlocks.csproj.extend/UnitOfWorkBehavior.cs.create.md#MUST NOT
  B: - [[./Implementation/Shared.csproj.extend/IUnitOfWork.cs.create.md#MUST NOT|IUnitOfWork.cs

skills\dotnet\architecture\solutions\🧩validated\solution-unit-of-work.skill\solution-unit-of-work.skill.md [# Rules / MUST NOT]
  A: - [[./Implementation/BuildingBlocks.csproj.extend/UnitOfWorkContext.cs.create.md#MUST NOT|
  B: - [[./Implementation/Shared.csproj.extend/IUnitOfWork.cs.create.md#MUST NOT|IUnitOfWork.cs

skills\dotnet\architecture\solutions\🧩validated\solution-unit-of-work.skill\solution-unit-of-work.skill.md [# Rules / MUST NOT]
  A: - [ ] `UnitOfWork` registered as `Scoped` in App.Host
  B: - [ ] `UnitOfWorkContext` registered as `Scoped` in App.Host

skills\dotnet\architecture\solutions\🧩validated\solution-unit-of-work.skill\solution-unit-of-work.skill.md [# Rules / MUST NOT]
  A: - [ ] No `SaveChangesAsync` call in any handler
  B: - [ ] No `IUnitOfWork` injection in any handler

skills\dotnet\architecture\solutions\🧩validated\solution-validation-behavior.skill\Implementation\BuildingBlocks.csproj.extend\ValidationBehavior.cs.create.md [# Rule changes / MUST]
  A: - Constrained to `where TRequest : IRequest<TResponse>` and `where TResponse : IResult`
  B: - `ValidationBehavior` constrained to `where TRequest : IRequest<TResponse>` and `where TR

skills\dotnet\architecture\solutions\🧩validated\solution-validation-behavior.skill\Implementation\BuildingBlocks.csproj.extend\ValidationBehavior.cs.create.md [# Rule changes / MUST NOT]
  A: - Contain any request-specific conditions
  B: - Contain any command-specific conditions in `ValidationBehavior`

skills\dotnet\architecture\solutions\🧩validated\solution-validation-behavior.skill\Implementation\BuildingBlocks.csproj.extend.md [# Rules / MUST NOT]
  A: - [ ] `FluentValidation` referenced in `BuildingBlocks.csproj`
  B: - [ ] `MediatR` referenced in `BuildingBlocks.csproj`

skills\dotnet\architecture\solutions\🧩validated\solution-validation-behavior.skill\Implementation\BuildingBlocks.csproj.extend.md [# Rules / MUST NOT]
  A: - [ ] `FluentValidation` referenced in `BuildingBlocks.csproj`
  B: - [ ] `Ardalis.Result` referenced in `BuildingBlocks.csproj`

skills\dotnet\architecture\solutions\🧩validated\solution-validation-behavior.skill\Implementation\BuildingBlocks.csproj.extend.md [# Rules / MUST NOT]
  A: - [ ] `MediatR` referenced in `BuildingBlocks.csproj`
  B: - [ ] `Ardalis.Result` referenced in `BuildingBlocks.csproj`

skills\dotnet\architecture\solutions\🧩validated\solution-value-objects-and-rules.skill\Implementation\Shared.csproj.extend.md [# Rules / MUST]
  A: - A VO or rule lives in Shared only when used by two or more modules
  B: - Extract reusable VO/rule to Shared.csproj when used by two or more modules

skills\dotnet\architecture\solutions\🧩validated\solution-value-objects-and-rules.skill\Implementation\Shared.csproj.extend.md [# Rules / MUST]
  A: - Shared VOs follow the same `sealed record`, immutable, self-validating rules as module V
  B: - Shared rules follow the same static extension method, bool-return, stateless rules as mo

skills\dotnet\architecture\solutions\🧩validated\solution-value-objects-and-rules.skill\Implementation\Shared.csproj.extend.md [# Rules / MUST]
  A: - Value Objects live in `/{Module}.Domain/ValueObjects` or `/Shared/ValueObjects` when cro
  B: - All rules live in `/{Module}.Domain/Rules` or `/Shared/Rules` when cross-module

skills\dotnet\architecture\solutions\🧩validated\solution-value-objects-and-rules.skill\Implementation\Shared.csproj.extend.md [# Rules / MUST NOT]
  A: - Place module-specific VO or rule in Shared
  B: - Adding module-specific behavior to a Shared VO or rule

skills\dotnet\architecture\solutions\🧩validated\solution-value-objects-and-rules.skill\Implementation\Shared.csproj.extend.md [# Rules / MUST NOT]
  A: - Add project references to Shared.csproj
  B: - [ ] Shared.csproj has no project references

skills\dotnet\architecture\solutions\🧩validated\solution-value-objects-and-rules.skill\Implementation\Shared.csproj.extend.md [# Rules / MUST NOT]
  A: - [ ] /ValueObjects folder exists in Shared
  B: - [ ] /Rules folder exists in Shared

skills\dotnet\architecture\solutions\🧩validated\solution-value-objects-and-rules.skill\Implementation\Shared.csproj.extend.md [# Rules / MUST NOT]
  A: - [ ] Every VO in /Shared/ValueObjects is referenced by at least two modules
  B: - [ ] Every rule in /Shared/Rules is referenced by at least two modules

skills\dotnet\architecture\solutions\🧩validated\solution-value-objects-and-rules.skill\Implementation\{Module}.Domain.csproj.extend\{Entity}.cs.extend.md [# Rule changes / MUST NOT]
  A: - Use primitive type on Entity property when the value carries business meaning or invaria
  B: - [ ] WHEN applied THEN Entity properties that carry business meaning or invariant constra

skills\dotnet\architecture\solutions\🧩validated\solution-value-objects-and-rules.skill\Implementation\{Module}.Domain.csproj.extend\{Entity}.cs.extend.md [# Rule changes / MUST NOT]
  A: - [ ] WHEN applied THEN Encapsulate invariant state on Entity properties into dedicated Va
  B: - [ ] WHEN applied THEN Equality of value properties on Entities is evaluated by Value Obj

skills\dotnet\architecture\solutions\🧩validated\solution-value-objects-and-rules.skill\Implementation\{Module}.Domain.csproj.extend\{Rule}.cs.create.md [# Rule changes / MUST]
  A: - Named correctly: `{Type}Rules` for primitive/VO rules, `{Condition}Rule` for contextual 
  B: - Named `{Type}Rules` for primitive/VO rules, `{Condition}Rule` for contextual rules

skills\dotnet\architecture\solutions\🧩validated\solution-value-objects-and-rules.skill\Implementation\{Module}.Domain.csproj.extend\{Rule}.cs.create.md [# Rule changes / SHOULD]
  A: - [ ] WHEN naming 'Primitive rule' THEN pattern matches convention
  B: - [ ] WHEN naming 'VO-scoped rule' THEN pattern matches convention

skills\dotnet\architecture\solutions\🧩validated\solution-value-objects-and-rules.skill\Implementation\{Module}.Domain.csproj.extend\{Rule}.cs.create.md [# Rule changes / SHOULD]
  A: - [ ] WHEN naming 'Primitive rule' THEN pattern matches convention
  B: - [ ] WHEN naming 'Contextual rule' THEN pattern matches convention

skills\dotnet\architecture\solutions\🧩validated\solution-value-objects-and-rules.skill\Implementation\{Module}.Domain.csproj.extend\{Rule}.cs.create.md [# Rule changes / SHOULD]
  A: - [ ] WHEN naming 'VO-scoped rule' THEN pattern matches convention
  B: - [ ] WHEN naming 'Contextual rule' THEN pattern matches convention

skills\dotnet\architecture\solutions\🧩validated\solution-value-objects-and-rules.skill\Implementation\{Module}.Domain.csproj.extend\{Rule}.cs.create.md [# Rule changes / MUST NOT]
  A: - Depend on EF Core, FluentValidation, ASP.NET, or HttpContext
  B: - Rule depend on EF Core, FluentValidation, ASP.NET, HttpContext, or any infrastructure

skills\dotnet\architecture\solutions\🧩validated\solution-value-objects-and-rules.skill\Implementation\{Module}.Domain.csproj.extend\{Rule}.cs.create.md [# Rule changes / MUST NOT]
  A: - Mutate any object
  B: - Rule mutate any object

skills\dotnet\architecture\solutions\🧩validated\solution-value-objects-and-rules.skill\Implementation\{Module}.Domain.csproj.extend\{Rule}.cs.create.md [# Rule changes / MUST NOT]
  A: - Duplicate logic that already exists in another primitive rule
  B: - Reimplement logic that already exists in a primitive rule

skills\dotnet\architecture\solutions\🧩validated\solution-value-objects-and-rules.skill\Implementation\{Module}.Domain.csproj.extend\{Rule}.cs.create.md [# Rule changes / MUST NOT]
  A: - Duplicate logic that already exists in another primitive rule
  B: - Rule duplicate logic that already exists in another rule

skills\dotnet\architecture\solutions\🧩validated\solution-value-objects-and-rules.skill\Implementation\{Module}.Domain.csproj.extend\{Rule}.cs.create.md [# Rule changes / MUST NOT]
  A: - Throw exceptions internally
  B: - Rule throw exceptions internally

skills\dotnet\architecture\solutions\🧩validated\solution-value-objects-and-rules.skill\Implementation\{Module}.Domain.csproj.extend\{Rule}.cs.create.md [# Rule changes / MUST NOT]
  A: - Reimplement logic that already exists in a primitive rule
  B: - Rule duplicate logic that already exists in another rule

skills\dotnet\architecture\solutions\🧩validated\solution-value-objects-and-rules.skill\Implementation\{Module}.Domain.csproj.extend\{ValueObject}.cs.create.md [# Rule changes / MUST]
  A: - Be immutable — no public setters
  B: - All Value Objects immutable — no public setters

skills\dotnet\architecture\solutions\🧩validated\solution-value-objects-and-rules.skill\Implementation\{Module}.Domain.csproj.extend\{ValueObject}.cs.create.md [# Rule changes / MUST]
  A: - Multi-property VO has `private` parameterless constructor for EF materialization
  B: - Multi-property VO has private parameterless constructor

skills\dotnet\architecture\solutions\🧩validated\solution-value-objects-and-rules.skill\Implementation\{Module}.Domain.csproj.extend\{ValueObject}.cs.create.md [# Rule changes / SHOULD]
  A: - Provide implicit conversion operators for single-property VOs
  B: - Single-property VO has implicit conversion operators

skills\dotnet\architecture\solutions\🧩validated\solution-value-objects-and-rules.skill\Implementation\{Module}.Domain.csproj.extend\{ValueObject}.cs.create.md [# Rule changes / SHOULD]
  A: - Override `ToString()` when used in logs or UI
  B: - All VOs override `ToString()` when used in logs or UI

skills\dotnet\architecture\solutions\🧩validated\solution-value-objects-and-rules.skill\Implementation\{Module}.Domain.csproj.extend\{ValueObject}.cs.create.md [# Rule changes / MUST NOT]
  A: - Expose public setters
  B: - Value Object expose public setters

skills\dotnet\architecture\solutions\🧩validated\solution-value-objects-and-rules.skill\Implementation\{Module}.Domain.csproj.extend\{ValueObject}.cs.create.md [# Rule changes / MUST NOT]
  A: - [ ] WHEN naming 'Single-property VO' THEN pattern matches convention
  B: - [ ] WHEN naming 'Multi-property VO' THEN pattern matches convention

skills\dotnet\architecture\solutions\🧩validated\solution-value-objects-and-rules.skill\Implementation\{Module}.Domain.csproj.extend.md [# Rules / MUST]
  A: - All Value Objects live in `/{Module}.Domain/ValueObjects`
  B: - All domain rules live in `/{Module}.Domain/Rules`

skills\dotnet\architecture\solutions\🧩validated\solution-value-objects-and-rules.skill\Implementation\{Module}.Domain.csproj.extend.md [# Rules / MUST NOT]
  A: - Place Value Object definitions outside /ValueObjects folder
  B: - Place rule definitions outside /Rules folder

skills\dotnet\architecture\solutions\🧩validated\solution-value-objects-and-rules.skill\Implementation\{Module}.Domain.csproj.extend.md [# Rules / MUST NOT]
  A: - [ ] /ValueObjects folder exists in {Module}.Domain
  B: - [ ] /Rules folder exists in {Module}.Domain

skills\dotnet\architecture\solutions\🧩validated\solution-value-objects-and-rules.skill\solution-value-objects-and-rules.skill.md [# Rules / MUST]
  A: - [[./Implementation/{Module}.Domain.csproj.extend.md#MUST|{Module}.Domain.csproj.extend]]
  B: - [[./Implementation/{Module}.Domain.csproj.extend/{Entity}.cs.extend.md#MUST|{Entity}.cs.

skills\dotnet\architecture\solutions\🧩validated\solution-value-objects-and-rules.skill\solution-value-objects-and-rules.skill.md [# Rules / MUST]
  A: - [[./Implementation/{Module}.Domain.csproj.extend.md#MUST|{Module}.Domain.csproj.extend]]
  B: - [[./Implementation/{Module}.Domain.csproj.extend/{Rule}.cs.create.md#MUST|{Rule}.cs.crea

skills\dotnet\architecture\solutions\🧩validated\solution-value-objects-and-rules.skill\solution-value-objects-and-rules.skill.md [# Rules / MUST]
  A: - [[./Implementation/{Module}.Domain.csproj.extend.md#MUST|{Module}.Domain.csproj.extend]]
  B: - [[./Implementation/{Module}.Domain.csproj.extend/{ValueObject}.cs.create.md#MUST|{ValueO

skills\dotnet\architecture\solutions\🧩validated\solution-value-objects-and-rules.skill\solution-value-objects-and-rules.skill.md [# Rules / MUST]
  A: - [[./Implementation/{Module}.Domain.csproj.extend/{Entity}.cs.extend.md#MUST|{Entity}.cs.
  B: - [[./Implementation/{Module}.Domain.csproj.extend/{Rule}.cs.create.md#MUST|{Rule}.cs.crea

skills\dotnet\architecture\solutions\🧩validated\solution-value-objects-and-rules.skill\solution-value-objects-and-rules.skill.md [# Rules / MUST]
  A: - [[./Implementation/{Module}.Domain.csproj.extend/{Entity}.cs.extend.md#MUST|{Entity}.cs.
  B: - [[./Implementation/{Module}.Domain.csproj.extend/{ValueObject}.cs.create.md#MUST|{ValueO

skills\dotnet\architecture\solutions\🧩validated\solution-value-objects-and-rules.skill\solution-value-objects-and-rules.skill.md [# Rules / MUST]
  A: - [[./Implementation/{Module}.Domain.csproj.extend/{Rule}.cs.create.md#MUST|{Rule}.cs.crea
  B: - [[./Implementation/{Module}.Domain.csproj.extend/{ValueObject}.cs.create.md#MUST|{ValueO

skills\dotnet\architecture\solutions\🧩validated\solution-value-objects-and-rules.skill\solution-value-objects-and-rules.skill.md [# Rules / SHOULD]
  A: - [[./Implementation/{Module}.Domain.csproj.extend.md#SHOULD|{Module}.Domain.csproj.extend
  B: - [[./Implementation/{Module}.Domain.csproj.extend/{ValueObject}.cs.create.md#SHOULD|{Valu

skills\dotnet\architecture\solutions\🧩validated\solution-value-objects-and-rules.skill\solution-value-objects-and-rules.skill.md [# Rules / MUST NOT]
  A: - [[./Implementation/{Module}.Domain.csproj.extend.md#MUST NOT|{Module}.Domain.csproj.exte
  B: - [[./Implementation/{Module}.Domain.csproj.extend/{Entity}.cs.extend.md#MUST NOT|{Entity}

skills\dotnet\architecture\solutions\🧩validated\solution-value-objects-and-rules.skill\solution-value-objects-and-rules.skill.md [# Rules / MUST NOT]
  A: - [[./Implementation/{Module}.Domain.csproj.extend.md#MUST NOT|{Module}.Domain.csproj.exte
  B: - [[./Implementation/{Module}.Domain.csproj.extend/{Rule}.cs.create.md#MUST NOT|{Rule}.cs.

skills\dotnet\architecture\solutions\🧩validated\solution-value-objects-and-rules.skill\solution-value-objects-and-rules.skill.md [# Rules / MUST NOT]
  A: - [[./Implementation/{Module}.Domain.csproj.extend.md#MUST NOT|{Module}.Domain.csproj.exte
  B: - [[./Implementation/{Module}.Domain.csproj.extend/{ValueObject}.cs.create.md#MUST NOT|{Va

skills\dotnet\architecture\solutions\🧩validated\solution-value-objects-and-rules.skill\solution-value-objects-and-rules.skill.md [# Rules / MUST NOT]
  A: - [[./Implementation/{Module}.Domain.csproj.extend/{Entity}.cs.extend.md#MUST NOT|{Entity}
  B: - [[./Implementation/{Module}.Domain.csproj.extend/{Rule}.cs.create.md#MUST NOT|{Rule}.cs.

skills\dotnet\architecture\solutions\🧩validated\solution-value-objects-and-rules.skill\solution-value-objects-and-rules.skill.md [# Rules / MUST NOT]
  A: - [[./Implementation/{Module}.Domain.csproj.extend/{Entity}.cs.extend.md#MUST NOT|{Entity}
  B: - [[./Implementation/{Module}.Domain.csproj.extend/{ValueObject}.cs.create.md#MUST NOT|{Va

skills\dotnet\architecture\solutions\🧩validated\solution-value-objects-and-rules.skill\solution-value-objects-and-rules.skill.md [# Rules / MUST NOT]
  A: - [[./Implementation/{Module}.Domain.csproj.extend/{Rule}.cs.create.md#MUST NOT|{Rule}.cs.
  B: - [[./Implementation/{Module}.Domain.csproj.extend/{ValueObject}.cs.create.md#MUST NOT|{Va

skills\dotnet\architecture\solutions\🧩validated\solution-value-objects-and-rules.skill\solution-value-objects-and-rules.skill.md [# Rules / MUST NOT]
  A: - Multi-property VO without private parameterless constructor — EF materialization fails s
  B: - [ ] Multi-property VO has private parameterless constructor

skills\dotnet\architecture\solutions\🧩validated\solution-value-objects-and-rules.skill\solution-value-objects-and-rules.skill.md [# Rules / MUST NOT]
  A: - VO rule reimplements primitive rule logic — always delegate to primitive overload
  B: - [ ] VO rule delegates to primitive rule — no logic duplication

skills\dotnet\architecture\solutions\🧩validated\solution-value-objects-and-rules.skill\solution-value-objects-and-rules.skill.md [# Rules / MUST NOT]
  A: - [ ] Lives in `/{Module}.Domain/ValueObjects` or `/Shared/ValueObjects`
  B: - [ ] Lives in `/{Module}.Domain/Rules` or `/Shared/Rules`

skills\dotnet\architecture\solutions\🧩validated\solution-value-objects-and-rules.skill\solution-value-objects-and-rules.skill.md [# Rules / MUST NOT]
  A: - [ ] Primitive rule exists as source of truth where applicable
  B: - [ ] ContextualRule has primitive tuple overload as source of truth

skills\dotnet\architecture\solutions\🧩validated\solution-value-objects-and-rules.skill\solution-value-objects-and-rules.skill.md [# Rules / MUST NOT]
  A: - [ ] Cross-module VOs live in `/Shared/ValueObjects`
  B: - [ ] Cross-module rules live in `/Shared/Rules`
